USER_ID,AGE,GENDER
1,31,M
2,58,F
3,43,M
4,38,M
5,24,M
6,24,M
7,20,M
8,50,F
9,38,F
10,42,M
11,18,F
12,61,M
13,48,M
14,26,M
15,25,F
16,25,F
17,29,F
18,36,F
19,33,F
20,28,M
21,39,M
22,23,M
23,28,M
24,31,F
25,33,M
26,45,M
27,25,M
28,35,M
29,38,M
30,20,F
31,38,M
32,24,M
33,20,F
34,57,M
35,60,F
36,47,F
37,29,F
38,22,M
39,41,F
40,33,F
41,23,F
42,35,M
43,19,M
44,53,M
45,27,M
46,40,F
47,29,F
48,35,F
49,36,M
50,25,M
51,61,F
52,45,F
53,56,F
54,52,M
55,38,F
56,54,M
57,21,F
58,25,M
59,20,M
60,29,M
61,31,F
62,28,F
63,48,M
64,30,M
65,28,F
66,36,M
67,23,F
68,46,F
69,21,F
70,66,M
71,45,F
72,25,F
73,18,F
74,47,M
75,42,M
76,43,M
77,45,M
78,21,M
79,30,M
80,22,M
81,50,F
82,39,M
83,30,F
84,20,F
85,29,M
86,29,F
87,43,F
88,39,M
89,51,M
90,34,F
91,22,M
92,42,F
93,44,M
94,37,M
95,45,F
96,35,M
97,36,M
98,33,M
99,19,F
100,22,M
101,19,M
102,39,F
103,29,F
104,35,F
105,53,M
106,27,M
107,32,F
108,44,M
109,26,M
110,21,M
111,28,M
112,24,M
113,55,M
114,47,F
115,39,F
116,50,F
117,46,F
118,25,F
119,52,M
120,36,M
121,46,M
122,52,M
123,29,M
124,22,M
125,26,F
126,33,M
127,47,F
128,50,M
129,18,M
130,35,M
131,32,M
132,26,M
133,22,F
134,30,F
135,57,M
136,29,F
137,35,F
138,42,F
139,31,F
140,61,F
141,60,M
142,27,M
143,35,F
144,29,M
145,28,M
146,19,M
147,38,M
148,35,M
149,20,F
150,28,M
151,53,M
152,27,M
153,23,F
154,34,M
155,65,M
156,27,F
157,41,F
158,44,M
159,27,M
160,43,F
161,31,F
162,39,F
163,39,F
164,36,F
165,21,F
166,48,F
167,29,F
168,25,M
169,19,M
170,38,F
171,41,M
172,18,M
173,35,F
174,26,F
175,40,F
176,24,F
177,41,M
178,31,F
179,56,M
180,23,F
181,30,M
182,22,M
183,55,F
184,51,F
185,27,F
186,40,M
187,47,F
188,37,F
189,36,F
190,27,M
191,21,M
192,52,M
193,52,M
194,39,F
195,30,M
196,30,M
197,43,F
198,52,F
199,51,M
200,45,F
201,40,F
202,21,F
203,24,F
204,52,F
205,38,M
206,18,F
207,22,F
208,40,F
209,18,F
210,24,F
211,36,M
212,41,M
213,40,M
214,26,M
215,42,F
216,27,F
217,29,F
218,44,M
219,40,F
220,49,F
221,40,F
222,37,M
223,22,F
224,31,M
225,27,F
226,27,F
227,62,M
228,31,M
229,52,F
230,39,M
231,46,F
232,35,F
233,37,F
234,35,F
235,25,F
236,43,M
237,28,M
238,19,M
239,40,M
240,25,M
241,56,F
242,58,M
243,54,F
244,31,M
245,18,M
246,55,F
247,33,M
248,60,F
249,60,M
250,49,M
251,28,F
252,31,M
253,49,M
254,29,F
255,24,M
256,37,F
257,56,F
258,42,F
259,37,M
260,22,F
261,39,F
262,67,F
263,23,M
264,35,M
265,51,F
266,43,F
267,42,M
268,42,F
269,30,F
270,28,F
271,47,M
272,47,F
273,50,M
274,53,F
275,35,M
276,35,F
277,46,F
278,40,F
279,42,F
280,46,F
281,52,F
282,30,F
283,31,M
284,22,M
285,37,F
286,19,F
287,34,F
288,36,M
289,28,M
290,38,M
291,19,M
292,19,M
293,47,F
294,30,F
295,23,M
296,36,M
297,45,F
298,26,M
299,39,F
300,21,M
301,20,M
302,36,F
303,36,F
304,39,F
305,43,M
306,62,M
307,35,M
308,29,M
309,46,M
310,28,M
311,33,F
312,21,F
313,19,M
314,60,F
315,48,M
316,42,F
317,32,M
318,24,M
319,24,F
320,27,M
321,36,F
322,42,F
323,40,F
324,28,F
325,58,F
326,43,M
327,37,F
328,39,M
329,32,M
330,27,F
331,30,M
332,44,F
333,18,F
334,22,M
335,20,F
336,19,M
337,49,F
338,42,F
339,34,F
340,22,M
341,35,F
342,34,M
343,24,M
344,33,F
345,32,M
346,39,F
347,39,M
348,20,M
349,31,F
350,39,M
351,35,F
352,49,F
353,40,M
354,24,M
355,21,F
356,40,F
357,19,F
358,38,M
359,56,M
360,37,F
361,31,F
362,40,F
363,34,F
364,36,F
365,56,F
366,31,F
367,59,F
368,53,M
369,25,F
370,21,M
371,22,F
372,18,F
373,22,M
374,41,M
375,21,F
376,29,F
377,49,F
378,19,M
379,47,M
380,28,F
381,22,F
382,42,F
383,39,F
384,51,F
385,43,M
386,46,M
387,28,F
388,25,M
389,44,M
390,46,F
391,68,F
392,32,F
393,31,F
394,45,F
395,30,M
396,55,M
397,49,M
398,33,M
399,44,F
400,44,M
401,22,F
402,53,M
403,35,F
404,47,F
405,29,F
406,52,M
407,31,M
408,18,F
409,53,F
410,21,F
411,29,M
412,58,F
413,58,M
414,37,M
415,39,F
416,33,M
417,28,M
418,29,M
419,41,M
420,44,F
421,46,M
422,46,F
423,21,F
424,35,F
425,20,F
426,36,M
427,33,M
428,51,F
429,30,F
430,22,M
431,23,M
432,44,F
433,39,F
434,22,M
435,21,F
436,42,M
437,21,F
438,47,M
439,42,M
440,21,M
441,21,M
442,66,F
443,31,F
444,31,M
445,47,M
446,57,F
447,66,F
448,44,F
449,31,M
450,21,F
451,45,F
452,37,F
453,32,M
454,53,M
455,22,M
456,35,M
457,18,M
458,34,M
459,20,M
460,22,M
461,22,M
462,40,M
463,44,F
464,38,F
465,59,F
466,31,F
467,28,M
468,50,F
469,26,M
470,60,M
471,18,F
472,61,M
473,19,F
474,52,M
475,36,F
476,69,F
477,21,M
478,37,F
479,61,F
480,36,F
481,39,M
482,42,M
483,33,M
484,39,F
485,38,M
486,52,F
487,20,F
488,28,F
489,58,M
490,52,M
491,33,F
492,39,M
493,28,F
494,25,F
495,34,F
496,30,M
497,38,F
498,21,M
499,62,F
500,66,F
501,42,F
502,36,M
503,29,M
504,47,F
505,41,F
506,24,F
507,53,M
508,47,F
509,58,M
510,43,M
511,39,F
512,32,F
513,55,F
514,50,M
515,20,M
516,19,M
517,31,F
518,47,F
519,66,F
520,24,M
521,38,M
522,31,M
523,61,F
524,48,F
525,48,F
526,34,M
527,32,M
528,28,F
529,20,M
530,50,F
531,47,F
532,84,M
533,73,F
534,37,M
535,45,F
536,57,F
537,49,F
538,27,F
539,33,M
540,23,F
541,58,F
542,38,M
543,26,F
544,41,F
545,39,F
546,30,M
547,22,M
548,41,M
549,35,F
550,45,M
551,35,M
552,49,M
553,36,M
554,37,F
555,51,F
556,32,F
557,23,F
558,19,M
559,44,F
560,39,M
561,42,M
562,26,F
563,23,F
564,18,M
565,30,F
566,38,M
567,31,M
568,33,F
569,53,M
570,30,F
571,35,M
572,45,F
573,32,M
574,39,F
575,50,F
576,57,M
577,23,F
578,55,M
579,35,F
580,27,M
581,34,M
582,63,F
583,35,M
584,29,F
585,39,M
586,27,M
587,21,F
588,23,M
589,23,M
590,24,F
591,23,M
592,40,F
593,25,M
594,30,M
595,52,M
596,34,M
597,41,M
598,24,M
599,25,F
600,19,F
601,24,M
602,28,M
603,25,F
604,21,F
605,23,F
606,34,M
607,26,M
608,31,F
609,35,M
610,41,M
611,19,M
612,46,M
613,39,F
614,21,M
615,50,F
616,54,M
617,20,M
618,28,F
619,46,M
620,44,F
621,25,F
622,26,M
623,31,F
624,34,F
625,39,M
626,31,M
627,34,F
628,44,F
629,19,M
630,27,M
631,42,F
632,52,F
633,35,F
634,36,M
635,22,M
636,33,M
637,36,M
638,27,F
639,28,M
640,31,F
641,18,M
642,29,F
643,26,F
644,29,M
645,22,F
646,52,M
647,38,M
648,41,M
649,46,M
650,35,M
651,21,F
652,36,F
653,38,M
654,44,M
655,33,F
656,23,F
657,28,F
658,31,F
659,40,F
660,37,F
661,30,F
662,66,M
663,38,F
664,27,F
665,22,F
666,24,F
667,27,F
668,24,M
669,25,F
670,28,M
671,24,F
672,52,M
673,21,F
674,36,M
675,32,F
676,64,M
677,22,F
678,32,F
679,61,M
680,50,F
681,47,F
682,27,M
683,24,F
684,41,M
685,55,F
686,37,F
687,37,M
688,28,M
689,45,F
690,25,F
691,29,M
692,32,F
693,35,M
694,27,M
695,22,M
696,38,M
697,28,M
698,37,F
699,24,M
700,34,M
701,36,F
702,20,F
703,30,M
704,23,M
705,20,F
706,67,M
707,29,F
708,47,M
709,27,F
710,41,F
711,44,F
712,38,M
713,34,F
714,32,F
715,30,M
716,55,M
717,48,M
718,60,F
719,23,M
720,43,M
721,56,F
722,25,F
723,20,M
724,43,F
725,37,F
726,48,F
727,23,M
728,46,M
729,25,F
730,24,F
731,24,F
732,47,F
733,40,F
734,36,M
735,30,F
736,51,F
737,31,M
738,47,F
739,33,F
740,31,F
741,34,F
742,29,F
743,44,F
744,35,F
745,26,F
746,52,M
747,31,F
748,36,F
749,53,F
750,39,M
751,22,F
752,56,F
753,39,F
754,30,M
755,23,M
756,46,F
757,39,F
758,36,F
759,52,M
760,46,F
761,24,F
762,29,M
763,27,F
764,44,M
765,19,F
766,37,F
767,44,M
768,51,F
769,30,F
770,47,F
771,22,F
772,49,F
773,23,M
774,32,F
775,46,M
776,24,F
777,26,M
778,43,F
779,43,F
780,40,M
781,42,M
782,36,F
783,27,M
784,30,M
785,25,F
786,53,M
787,38,M
788,32,F
789,34,F
790,57,F
791,24,F
792,38,M
793,35,F
794,38,F
795,18,F
796,50,F
797,55,F
798,37,F
799,42,F
800,54,F
801,42,M
802,24,F
803,37,M
804,38,F
805,32,F
806,43,M
807,56,M
808,55,M
809,33,F
810,22,M
811,65,M
812,48,F
813,23,F
814,54,F
815,50,M
816,35,M
817,38,M
818,32,M
819,20,F
820,30,F
821,46,M
822,18,M
823,30,F
824,32,F
825,36,F
826,54,M
827,30,F
828,30,M
829,43,F
830,33,M
831,26,F
832,33,F
833,23,M
834,25,F
835,35,M
836,32,M
837,54,F
838,31,M
839,37,F
840,39,M
841,18,F
842,40,F
843,25,F
844,59,F
845,24,M
846,32,F
847,21,F
848,73,F
849,35,M
850,38,M
851,20,F
852,44,M
853,26,M
854,52,M
855,25,F
856,25,M
857,19,F
858,34,F
859,37,F
860,20,F
861,45,M
862,33,F
863,36,F
864,33,M
865,32,M
866,37,M
867,24,M
868,25,F
869,50,M
870,57,F
871,31,F
872,28,F
873,40,M
874,32,M
875,19,F
876,24,M
877,42,M
878,40,F
879,19,M
880,26,F
881,26,M
882,41,M
883,18,F
884,22,M
885,46,M
886,25,F
887,40,M
888,27,M
889,22,M
890,27,M
891,43,F
892,49,F
893,48,F
894,32,M
895,41,M
896,25,F
897,28,M
898,52,F
899,18,M
900,21,F
901,26,F
902,19,F
903,25,F
904,38,F
905,32,F
906,52,M
907,47,M
908,30,F
909,27,M
910,31,F
911,38,M
912,28,M
913,39,M
914,32,F
915,37,M
916,33,M
917,28,M
918,57,F
919,44,M
920,23,M
921,50,M
922,34,M
923,52,F
924,46,F
925,32,F
926,19,F
927,28,F
928,36,F
929,39,M
930,27,F
931,23,M
932,48,M
933,65,F
934,36,M
935,24,F
936,28,F
937,18,F
938,54,F
939,22,F
940,37,F
941,28,M
942,37,M
943,40,M
944,48,F
945,26,M
946,18,M
947,23,F
948,52,F
949,50,M
950,38,F
951,38,F
952,40,M
953,24,F
954,54,M
955,32,M
956,31,F
957,35,F
958,20,M
959,24,F
960,43,M
961,21,M
962,38,M
963,27,F
964,31,F
965,28,M
966,30,M
967,42,F
968,28,M
969,37,F
970,34,M
971,40,M
972,56,M
973,43,M
974,26,F
975,19,M
976,27,F
977,38,F
978,20,M
979,35,M
980,38,F
981,30,F
982,45,F
983,22,F
984,21,M
985,43,F
986,35,F
987,41,F
988,33,F
989,27,F
990,47,M
991,46,M
992,42,M
993,28,F
994,38,M
995,30,F
996,21,M
997,54,M
998,23,F
999,58,M
1000,33,M
1001,25,F
1002,36,M
1003,50,F
1004,43,M
1005,46,M
1006,40,M
1007,41,F
1008,49,M
1009,27,F
1010,34,F
1011,26,F
1012,66,F
1013,57,M
1014,19,M
1015,42,F
1016,55,F
1017,25,F
1018,37,M
1019,54,M
1020,19,M
1021,42,F
1022,28,F
1023,55,F
1024,61,F
1025,57,M
1026,34,M
1027,50,M
1028,49,M
1029,29,M
1030,48,F
1031,19,F
1032,38,M
1033,26,F
1034,23,F
1035,21,F
1036,42,F
1037,30,M
1038,43,F
1039,20,M
1040,29,F
1041,36,F
1042,46,M
1043,29,M
1044,39,F
1045,51,M
1046,39,F
1047,26,F
1048,19,M
1049,50,F
1050,18,F
1051,50,M
1052,36,F
1053,56,F
1054,46,M
1055,75,M
1056,30,M
1057,45,M
1058,32,F
1059,34,F
1060,39,M
1061,50,F
1062,65,M
1063,45,F
1064,32,M
1065,32,M
1066,43,M
1067,27,M
1068,22,F
1069,30,F
1070,28,F
1071,28,F
1072,26,M
1073,19,F
1074,18,M
1075,66,F
1076,33,F
1077,31,F
1078,41,F
1079,26,M
1080,58,F
1081,45,M
1082,21,F
1083,32,M
1084,51,M
1085,57,M
1086,34,M
1087,39,F
1088,24,F
1089,68,F
1090,26,M
1091,57,M
1092,40,F
1093,38,F
1094,35,F
1095,26,M
1096,25,F
1097,26,F
1098,25,F
1099,45,F
1100,30,M
1101,20,F
1102,61,M
1103,51,M
1104,55,F
1105,71,F
1106,24,M
1107,32,M
1108,44,F
1109,42,M
1110,24,F
1111,47,F
1112,26,M
1113,26,M
1114,36,M
1115,38,M
1116,37,F
1117,21,F
1118,51,F
1119,27,F
1120,23,M
1121,51,F
1122,58,F
1123,50,M
1124,47,M
1125,40,F
1126,36,F
1127,21,M
1128,32,F
1129,31,F
1130,27,M
1131,43,F
1132,35,M
1133,21,F
1134,26,M
1135,41,M
1136,21,M
1137,49,F
1138,35,M
1139,34,F
1140,38,M
1141,47,F
1142,30,M
1143,41,M
1144,37,M
1145,28,M
1146,51,M
1147,46,F
1148,40,F
1149,49,F
1150,50,F
1151,42,F
1152,48,M
1153,42,F
1154,41,M
1155,39,M
1156,44,M
1157,24,M
1158,51,M
1159,50,M
1160,19,F
1161,47,M
1162,23,M
1163,30,F
1164,44,F
1165,24,M
1166,47,M
1167,48,F
1168,35,M
1169,18,F
1170,28,M
1171,39,F
1172,64,M
1173,39,M
1174,27,M
1175,39,F
1176,36,F
1177,45,F
1178,22,M
1179,44,M
1180,36,M
1181,60,M
1182,30,F
1183,39,F
1184,55,F
1185,22,M
1186,56,F
1187,41,M
1188,20,F
1189,29,M
1190,42,F
1191,20,M
1192,38,F
1193,30,M
1194,39,M
1195,20,M
1196,50,M
1197,62,F
1198,61,M
1199,44,M
1200,23,F
1201,44,F
1202,19,F
1203,19,M
1204,29,F
1205,34,M
1206,45,F
1207,41,M
1208,33,M
1209,28,M
1210,74,F
1211,33,M
1212,33,F
1213,24,M
1214,46,F
1215,41,F
1216,26,M
1217,21,M
1218,41,F
1219,40,F
1220,28,F
1221,58,M
1222,24,F
1223,33,M
1224,57,F
1225,32,M
1226,39,F
1227,32,F
1228,28,M
1229,65,F
1230,32,F
1231,52,M
1232,26,M
1233,26,F
1234,19,M
1235,40,F
1236,31,F
1237,50,M
1238,34,F
1239,61,M
1240,25,M
1241,50,F
1242,45,F
1243,45,F
1244,49,F
1245,44,M
1246,39,M
1247,23,M
1248,19,F
1249,54,F
1250,39,F
1251,46,F
1252,34,M
1253,22,F
1254,23,M
1255,41,M
1256,33,M
1257,25,M
1258,35,F
1259,20,M
1260,37,M
1261,28,M
1262,46,M
1263,29,M
1264,33,F
1265,18,M
1266,21,F
1267,31,M
1268,34,F
1269,38,M
1270,28,M
1271,42,M
1272,49,F
1273,45,F
1274,19,F
1275,34,M
1276,22,M
1277,27,F
1278,66,M
1279,23,M
1280,35,F
1281,39,F
1282,42,F
1283,37,F
1284,18,M
1285,29,M
1286,35,F
1287,21,F
1288,30,F
1289,19,M
1290,21,M
1291,32,M
1292,23,F
1293,37,M
1294,41,M
1295,46,F
1296,25,M
1297,24,F
1298,22,M
1299,39,F
1300,42,F
1301,19,F
1302,56,M
1303,20,F
1304,36,M
1305,42,M
1306,50,M
1307,42,F
1308,46,M
1309,30,F
1310,47,F
1311,21,M
1312,52,M
1313,36,F
1314,47,F
1315,33,F
1316,40,M
1317,36,F
1318,43,F
1319,21,M
1320,20,F
1321,27,M
1322,24,F
1323,50,M
1324,26,F
1325,62,M
1326,30,F
1327,25,M
1328,46,M
1329,40,F
1330,35,M
1331,37,M
1332,43,F
1333,26,F
1334,73,M
1335,62,M
1336,40,M
1337,25,F
1338,41,F
1339,21,F
1340,19,M
1341,27,M
1342,34,M
1343,50,F
1344,43,F
1345,43,F
1346,32,M
1347,30,M
1348,31,F
1349,66,F
1350,19,F
1351,50,M
1352,37,M
1353,33,F
1354,43,F
1355,34,M
1356,50,F
1357,52,F
1358,32,M
1359,28,F
1360,38,M
1361,53,F
1362,26,M
1363,39,F
1364,39,F
1365,43,F
1366,23,F
1367,42,F
1368,53,F
1369,25,M
1370,27,M
1371,61,M
1372,25,F
1373,49,F
1374,35,M
1375,27,F
1376,50,F
1377,33,F
1378,35,F
1379,30,F
1380,38,M
1381,24,M
1382,31,M
1383,61,M
1384,27,F
1385,40,F
1386,29,M
1387,45,F
1388,23,M
1389,61,F
1390,33,F
1391,27,M
1392,21,F
1393,24,M
1394,35,M
1395,30,M
1396,48,F
1397,33,F
1398,27,F
1399,39,F
1400,42,F
1401,24,F
1402,24,F
1403,19,M
1404,43,F
1405,40,M
1406,34,F
1407,49,M
1408,46,M
1409,38,F
1410,50,F
1411,26,M
1412,22,M
1413,28,F
1414,20,F
1415,36,M
1416,56,F
1417,19,M
1418,23,M
1419,33,M
1420,56,M
1421,29,M
1422,35,F
1423,19,M
1424,24,M
1425,66,F
1426,60,F
1427,18,F
1428,58,M
1429,39,F
1430,50,M
1431,33,M
1432,35,F
1433,34,M
1434,40,M
1435,23,M
1436,19,M
1437,29,F
1438,42,F
1439,25,F
1440,41,M
1441,61,F
1442,22,M
1443,41,F
1444,33,F
1445,50,M
1446,25,F
1447,41,F
1448,48,F
1449,57,F
1450,41,M
1451,35,F
1452,39,M
1453,50,F
1454,37,F
1455,19,M
1456,55,M
1457,41,M
1458,41,F
1459,26,F
1460,40,M
1461,32,F
1462,40,F
1463,22,M
1464,40,M
1465,81,M
1466,20,F
1467,63,F
1468,32,F
1469,50,F
1470,45,M
1471,37,M
1472,43,F
1473,51,F
1474,32,M
1475,29,F
1476,41,M
1477,47,M
1478,44,F
1479,46,M
1480,33,M
1481,47,F
1482,23,M
1483,36,M
1484,18,F
1485,29,F
1486,31,M
1487,32,F
1488,42,M
1489,31,M
1490,33,M
1491,27,F
1492,31,M
1493,26,F
1494,21,M
1495,38,F
1496,41,F
1497,39,M
1498,34,F
1499,31,M
1500,50,M
1501,35,M
1502,34,M
1503,19,M
1504,30,M
1505,31,F
1506,32,M
1507,37,M
1508,36,M
1509,38,F
1510,44,M
1511,47,F
1512,42,M
1513,58,M
1514,18,M
1515,25,F
1516,18,M
1517,40,M
1518,52,M
1519,27,M
1520,55,M
1521,20,F
1522,56,M
1523,30,M
1524,22,F
1525,34,M
1526,27,M
1527,28,F
1528,29,M
1529,46,M
1530,36,M
1531,29,F
1532,38,M
1533,42,M
1534,28,F
1535,32,F
1536,23,M
1537,25,M
1538,41,M
1539,25,F
1540,36,M
1541,42,M
1542,22,F
1543,37,F
1544,27,F
1545,60,M
1546,34,M
1547,46,M
1548,36,F
1549,19,F
1550,39,F
1551,58,M
1552,38,M
1553,47,M
1554,51,F
1555,26,F
1556,26,M
1557,38,M
1558,32,M
1559,48,M
1560,52,F
1561,30,M
1562,27,M
1563,45,F
1564,28,M
1565,47,F
1566,32,F
1567,41,M
1568,22,F
1569,39,M
1570,33,F
1571,38,F
1572,24,F
1573,43,M
1574,50,F
1575,26,M
1576,22,F
1577,19,M
1578,40,F
1579,38,M
1580,36,F
1581,26,F
1582,31,F
1583,38,M
1584,35,M
1585,66,F
1586,23,F
1587,42,F
1588,32,M
1589,33,F
1590,42,F
1591,41,M
1592,68,F
1593,23,M
1594,22,M
1595,43,M
1596,37,M
1597,28,F
1598,21,M
1599,21,M
1600,52,F
1601,25,M
1602,29,M
1603,26,F
1604,30,F
1605,21,M
1606,35,F
1607,20,M
1608,46,F
1609,26,F
1610,36,M
1611,51,F
1612,40,M
1613,36,M
1614,29,F
1615,30,F
1616,41,F
1617,70,F
1618,40,M
1619,37,M
1620,43,M
1621,34,M
1622,20,F
1623,37,M
1624,59,F
1625,24,M
1626,41,M
1627,25,M
1628,36,F
1629,22,F
1630,33,M
1631,44,F
1632,30,F
1633,40,M
1634,46,M
1635,55,M
1636,26,F
1637,32,M
1638,24,M
1639,69,M
1640,55,M
1641,36,M
1642,48,F
1643,35,F
1644,39,F
1645,21,F
1646,44,M
1647,23,M
1648,47,F
1649,45,F
1650,42,F
1651,19,M
1652,29,M
1653,27,F
1654,30,M
1655,21,F
1656,56,F
1657,37,F
1658,29,M
1659,32,F
1660,33,M
1661,38,F
1662,35,F
1663,54,F
1664,35,F
1665,69,F
1666,49,F
1667,26,M
1668,55,M
1669,22,M
1670,47,M
1671,31,M
1672,51,F
1673,50,M
1674,46,F
1675,46,M
1676,29,F
1677,21,M
1678,32,F
1679,24,M
1680,42,F
1681,30,F
1682,62,M
1683,40,M
1684,47,M
1685,23,M
1686,50,F
1687,54,F
1688,34,F
1689,38,F
1690,44,F
1691,24,M
1692,35,M
1693,32,F
1694,23,F
1695,31,F
1696,20,F
1697,19,M
1698,23,M
1699,60,F
1700,36,M
1701,60,F
1702,33,M
1703,29,M
1704,35,M
1705,33,M
1706,22,F
1707,40,M
1708,26,M
1709,39,M
1710,40,F
1711,24,M
1712,20,M
1713,45,M
1714,34,F
1715,20,F
1716,71,F
1717,20,M
1718,42,F
1719,65,F
1720,27,F
1721,23,F
1722,23,M
1723,29,F
1724,22,F
1725,41,F
1726,20,M
1727,35,M
1728,73,M
1729,47,M
1730,39,M
1731,29,M
1732,39,M
1733,36,F
1734,33,M
1735,23,F
1736,51,F
1737,33,F
1738,25,F
1739,31,M
1740,32,M
1741,48,M
1742,43,M
1743,45,M
1744,18,M
1745,32,F
1746,34,M
1747,18,M
1748,27,F
1749,44,M
1750,23,F
1751,36,M
1752,26,F
1753,18,F
1754,27,F
1755,62,M
1756,46,F
1757,59,M
1758,34,F
1759,22,F
1760,36,F
1761,33,M
1762,49,F
1763,22,M
1764,34,F
1765,24,M
1766,29,M
1767,43,F
1768,34,M
1769,31,F
1770,32,M
1771,34,M
1772,45,M
1773,52,M
1774,58,M
1775,45,M
1776,29,F
1777,41,F
1778,33,M
1779,27,F
1780,48,F
1781,19,F
1782,52,F
1783,34,M
1784,39,F
1785,40,F
1786,52,M
1787,39,F
1788,39,M
1789,20,F
1790,35,M
1791,24,M
1792,43,M
1793,35,M
1794,41,M
1795,19,F
1796,21,F
1797,42,F
1798,21,F
1799,21,M
1800,18,F
1801,59,M
1802,43,F
1803,30,M
1804,28,M
1805,30,M
1806,45,F
1807,40,F
1808,25,M
1809,24,F
1810,22,F
1811,40,F
1812,44,M
1813,27,F
1814,18,F
1815,21,F
1816,61,F
1817,28,M
1818,45,F
1819,39,M
1820,31,F
1821,26,M
1822,23,M
1823,39,M
1824,45,F
1825,40,F
1826,36,M
1827,19,F
1828,61,F
1829,46,M
1830,28,F
1831,63,M
1832,38,F
1833,38,M
1834,44,M
1835,47,M
1836,40,F
1837,23,F
1838,30,F
1839,55,M
1840,26,M
1841,31,F
1842,33,F
1843,33,M
1844,39,F
1845,57,M
1846,27,F
1847,23,M
1848,25,F
1849,51,F
1850,40,F
1851,28,F
1852,47,M
1853,50,F
1854,49,M
1855,54,F
1856,27,M
1857,44,M
1858,34,F
1859,48,M
1860,43,M
1861,45,F
1862,40,F
1863,25,M
1864,36,F
1865,65,F
1866,56,M
1867,19,M
1868,24,M
1869,23,M
1870,43,M
1871,47,F
1872,26,M
1873,35,F
1874,48,M
1875,43,F
1876,36,F
1877,38,F
1878,35,F
1879,28,M
1880,37,F
1881,41,M
1882,50,F
1883,39,M
1884,44,F
1885,24,M
1886,34,M
1887,18,M
1888,27,F
1889,43,F
1890,69,F
1891,22,F
1892,32,F
1893,46,F
1894,25,F
1895,37,M
1896,43,M
1897,39,F
1898,25,F
1899,30,M
1900,45,M
1901,37,M
1902,18,M
1903,44,F
1904,19,F
1905,44,M
1906,25,M
1907,59,F
1908,31,M
1909,29,F
1910,24,F
1911,29,F
1912,51,F
1913,73,M
1914,31,M
1915,33,F
1916,43,F
1917,51,F
1918,38,F
1919,31,F
1920,32,M
1921,42,F
1922,18,F
1923,39,M
1924,30,M
1925,46,F
1926,21,F
1927,38,F
1928,34,F
1929,40,M
1930,20,M
1931,37,F
1932,37,M
1933,37,F
1934,38,M
1935,41,M
1936,46,M
1937,28,M
1938,47,F
1939,35,M
1940,21,F
1941,20,M
1942,30,M
1943,45,F
1944,42,F
1945,46,F
1946,35,M
1947,33,M
1948,24,F
1949,29,F
1950,33,F
1951,21,M
1952,26,F
1953,38,F
1954,43,F
1955,76,M
1956,55,F
1957,40,F
1958,32,F
1959,39,F
1960,45,M
1961,22,M
1962,32,F
1963,48,M
1964,31,F
1965,37,M
1966,38,F
1967,25,F
1968,31,F
1969,30,M
1970,19,F
1971,19,F
1972,48,F
1973,28,F
1974,35,M
1975,29,M
1976,56,F
1977,27,F
1978,33,M
1979,50,M
1980,48,F
1981,25,F
1982,46,M
1983,34,M
1984,34,F
1985,23,F
1986,21,F
1987,43,M
1988,35,M
1989,33,M
1990,43,M
1991,44,M
1992,24,M
1993,38,F
1994,23,M
1995,44,M
1996,40,F
1997,59,M
1998,21,M
1999,20,F
2000,28,M
2001,27,M
2002,27,M
2003,53,F
2004,27,M
2005,28,M
2006,44,M
2007,33,F
2008,45,M
2009,20,M
2010,34,M
2011,19,M
2012,20,F
2013,53,M
2014,23,F
2015,36,M
2016,32,F
2017,30,F
2018,52,F
2019,19,M
2020,40,F
2021,60,F
2022,37,M
2023,56,M
2024,20,F
2025,32,F
2026,27,F
2027,43,M
2028,64,M
2029,27,M
2030,40,F
2031,25,F
2032,37,M
2033,34,F
2034,61,F
2035,38,M
2036,30,M
2037,22,M
2038,24,M
2039,26,F
2040,27,F
2041,49,M
2042,37,M
2043,36,F
2044,22,F
2045,49,M
2046,43,F
2047,20,M
2048,42,F
2049,36,M
2050,21,M
2051,34,M
2052,34,M
2053,24,M
2054,57,M
2055,49,M
2056,41,F
2057,34,F
2058,32,F
2059,40,M
2060,36,F
2061,20,M
2062,35,F
2063,46,F
2064,34,F
2065,20,F
2066,45,F
2067,25,M
2068,27,F
2069,24,F
2070,30,M
2071,44,M
2072,35,F
2073,25,M
2074,51,M
2075,51,F
2076,50,M
2077,27,F
2078,33,M
2079,65,M
2080,45,F
2081,19,F
2082,20,M
2083,34,F
2084,53,M
2085,36,F
2086,35,F
2087,22,F
2088,40,F
2089,47,M
2090,31,M
2091,45,F
2092,60,M
2093,25,M
2094,36,M
2095,28,F
2096,46,M
2097,37,F
2098,39,M
2099,46,M
2100,32,M
2101,54,F
2102,36,F
2103,24,M
2104,42,F
2105,46,F
2106,29,M
2107,49,M
2108,53,F
2109,28,F
2110,65,M
2111,23,F
2112,25,F
2113,25,F
2114,52,M
2115,40,M
2116,24,F
2117,33,F
2118,39,M
2119,21,M
2120,51,M
2121,46,M
2122,35,M
2123,60,M
2124,32,M
2125,65,F
2126,41,M
2127,39,M
2128,24,F
2129,51,M
2130,33,M
2131,24,M
2132,18,M
2133,37,F
2134,36,M
2135,43,F
2136,52,F
2137,21,M
2138,43,F
2139,25,M
2140,49,M
2141,47,F
2142,36,M
2143,42,F
2144,29,F
2145,34,M
2146,47,F
2147,34,F
2148,30,F
2149,35,F
2150,48,M
2151,30,M
2152,24,F
2153,42,M
2154,47,M
2155,22,M
2156,27,F
2157,23,M
2158,30,M
2159,33,M
2160,44,F
2161,40,M
2162,39,M
2163,30,M
2164,48,M
2165,34,F
2166,63,F
2167,39,F
2168,23,M
2169,41,M
2170,29,F
2171,41,M
2172,21,M
2173,24,F
2174,49,F
2175,26,F
2176,48,F
2177,28,F
2178,40,M
2179,42,M
2180,35,F
2181,29,M
2182,26,M
2183,19,F
2184,29,F
2185,40,F
2186,56,F
2187,50,F
2188,45,M
2189,46,F
2190,40,M
2191,27,F
2192,53,F
2193,41,M
2194,37,F
2195,22,F
2196,33,F
2197,34,M
2198,50,M
2199,36,F
2200,31,M
2201,63,M
2202,22,F
2203,32,M
2204,19,M
2205,43,M
2206,54,M
2207,28,M
2208,49,F
2209,28,M
2210,53,F
2211,44,M
2212,46,F
2213,18,F
2214,60,M
2215,43,M
2216,29,M
2217,48,F
2218,28,F
2219,50,M
2220,22,M
2221,42,F
2222,36,F
2223,22,M
2224,27,M
2225,18,F
2226,34,F
2227,29,M
2228,38,F
2229,28,M
2230,29,M
2231,44,F
2232,20,M
2233,53,F
2234,49,M
2235,41,M
2236,38,F
2237,52,M
2238,25,F
2239,21,F
2240,27,F
2241,46,F
2242,19,M
2243,38,M
2244,72,F
2245,49,F
2246,36,M
2247,20,M
2248,48,M
2249,38,F
2250,22,F
2251,22,F
2252,53,F
2253,41,F
2254,48,M
2255,51,M
2256,37,M
2257,35,M
2258,33,F
2259,29,F
2260,33,M
2261,45,M
2262,38,F
2263,52,F
2264,33,F
2265,38,M
2266,39,F
2267,38,M
2268,42,M
2269,27,F
2270,35,M
2271,22,F
2272,31,F
2273,34,M
2274,40,F
2275,58,F
2276,38,M
2277,44,F
2278,35,M
2279,39,M
2280,21,M
2281,27,F
2282,31,M
2283,34,F
2284,20,F
2285,23,F
2286,28,F
2287,61,M
2288,30,M
2289,34,M
2290,25,M
2291,38,M
2292,28,M
2293,26,F
2294,35,F
2295,18,M
2296,18,M
2297,26,M
2298,19,M
2299,22,M
2300,30,M
2301,46,M
2302,37,F
2303,35,F
2304,28,F
2305,55,F
2306,32,F
2307,21,M
2308,39,M
2309,22,M
2310,30,M
2311,35,F
2312,50,F
2313,35,F
2314,42,M
2315,69,F
2316,23,M
2317,28,F
2318,32,M
2319,32,M
2320,32,M
2321,53,F
2322,42,F
2323,38,M
2324,29,M
2325,47,F
2326,58,F
2327,47,F
2328,18,M
2329,39,F
2330,20,M
2331,27,F
2332,20,F
2333,38,M
2334,41,F
2335,22,M
2336,31,M
2337,33,F
2338,31,M
2339,23,M
2340,32,F
2341,44,F
2342,21,M
2343,21,F
2344,30,F
2345,56,F
2346,41,F
2347,41,M
2348,31,M
2349,38,F
2350,18,F
2351,39,M
2352,53,M
2353,39,M
2354,50,F
2355,43,M
2356,23,M
2357,53,M
2358,20,M
2359,36,F
2360,23,F
2361,18,F
2362,32,F
2363,28,F
2364,34,M
2365,37,F
2366,19,F
2367,23,M
2368,37,F
2369,30,M
2370,43,F
2371,40,F
2372,49,F
2373,41,M
2374,33,M
2375,41,F
2376,28,M
2377,29,M
2378,46,M
2379,33,M
2380,46,F
2381,47,M
2382,49,F
2383,54,F
2384,33,F
2385,29,F
2386,38,M
2387,31,M
2388,38,M
2389,42,F
2390,41,F
2391,31,F
2392,24,M
2393,33,M
2394,23,F
2395,52,M
2396,30,M
2397,24,M
2398,19,F
2399,40,F
2400,39,F
2401,30,F
2402,21,F
2403,32,F
2404,29,M
2405,41,F
2406,38,F
2407,31,F
2408,26,M
2409,66,M
2410,33,M
2411,41,M
2412,23,F
2413,34,F
2414,19,M
2415,35,M
2416,60,M
2417,31,F
2418,19,F
2419,19,M
2420,31,M
2421,24,M
2422,19,F
2423,44,F
2424,34,F
2425,28,M
2426,52,F
2427,22,F
2428,58,M
2429,29,F
2430,51,F
2431,38,M
2432,48,F
2433,65,M
2434,28,M
2435,59,F
2436,31,M
2437,31,F
2438,30,F
2439,36,F
2440,24,F
2441,37,F
2442,36,M
2443,44,M
2444,48,M
2445,33,M
2446,29,M
2447,27,M
2448,25,F
2449,20,F
2450,30,M
2451,28,M
2452,60,M
2453,37,M
2454,30,M
2455,37,M
2456,23,M
2457,33,M
2458,39,F
2459,34,F
2460,32,F
2461,70,M
2462,51,F
2463,39,M
2464,37,M
2465,39,F
2466,25,F
2467,32,F
2468,19,F
2469,34,M
2470,36,F
2471,26,M
2472,60,F
2473,53,M
2474,43,M
2475,36,M
2476,50,F
2477,23,F
2478,46,M
2479,23,F
2480,46,F
2481,28,M
2482,51,M
2483,57,F
2484,24,F
2485,34,F
2486,64,M
2487,34,F
2488,50,F
2489,38,M
2490,31,F
2491,28,F
2492,25,M
2493,44,F
2494,31,F
2495,35,M
2496,35,M
2497,37,M
2498,50,M
2499,64,F
2500,32,F
2501,48,F
2502,44,M
2503,37,M
2504,58,F
2505,25,M
2506,22,M
2507,49,M
2508,33,M
2509,49,M
2510,52,M
2511,20,M
2512,51,F
2513,33,M
2514,35,M
2515,39,M
2516,55,F
2517,18,F
2518,34,M
2519,41,M
2520,43,F
2521,41,F
2522,23,M
2523,29,M
2524,30,M
2525,46,F
2526,28,M
2527,26,M
2528,59,M
2529,18,F
2530,75,F
2531,41,M
2532,48,F
2533,28,F
2534,18,M
2535,43,F
2536,48,F
2537,43,M
2538,23,M
2539,44,M
2540,45,M
2541,40,M
2542,45,M
2543,49,F
2544,39,M
2545,21,M
2546,34,F
2547,21,F
2548,32,F
2549,32,M
2550,20,M
2551,30,F
2552,22,M
2553,47,F
2554,57,F
2555,21,F
2556,58,F
2557,36,M
2558,29,M
2559,21,M
2560,35,F
2561,46,M
2562,42,F
2563,20,F
2564,21,M
2565,32,F
2566,28,M
2567,26,M
2568,28,M
2569,46,F
2570,55,F
2571,32,M
2572,53,M
2573,29,M
2574,34,F
2575,26,F
2576,40,F
2577,63,F
2578,38,M
2579,30,M
2580,40,M
2581,23,F
2582,51,F
2583,35,M
2584,33,F
2585,38,M
2586,39,M
2587,21,M
2588,41,F
2589,27,F
2590,42,M
2591,47,F
2592,46,F
2593,37,M
2594,35,M
2595,23,F
2596,45,F
2597,28,M
2598,35,M
2599,28,F
2600,23,F
2601,39,M
2602,20,M
2603,44,M
2604,29,F
2605,18,M
2606,35,F
2607,20,F
2608,28,M
2609,42,M
2610,20,M
2611,48,F
2612,18,M
2613,27,M
2614,43,F
2615,29,F
2616,22,M
2617,30,F
2618,28,M
2619,48,F
2620,29,F
2621,46,M
2622,52,M
2623,33,M
2624,53,M
2625,31,M
2626,60,F
2627,21,M
2628,41,M
2629,35,F
2630,31,M
2631,39,M
2632,42,F
2633,18,F
2634,24,F
2635,42,F
2636,40,M
2637,60,M
2638,44,M
2639,58,F
2640,42,M
2641,29,F
2642,22,M
2643,45,F
2644,40,M
2645,20,M
2646,30,M
2647,59,F
2648,35,M
2649,33,F
2650,33,F
2651,26,F
2652,31,F
2653,31,F
2654,20,M
2655,45,F
2656,32,F
2657,47,M
2658,49,F
2659,26,M
2660,40,M
2661,34,M
2662,51,F
2663,26,F
2664,41,F
2665,38,M
2666,28,M
2667,23,M
2668,40,F
2669,43,M
2670,29,M
2671,40,M
2672,32,F
2673,42,F
2674,25,F
2675,52,F
2676,28,F
2677,31,M
2678,20,F
2679,22,F
2680,35,F
2681,28,M
2682,48,M
2683,18,F
2684,31,F
2685,30,F
2686,18,F
2687,23,F
2688,32,F
2689,35,M
2690,32,F
2691,36,F
2692,38,F
2693,18,F
2694,34,M
2695,60,F
2696,35,F
2697,41,F
2698,29,F
2699,45,M
2700,45,F
2701,36,F
2702,62,F
2703,23,F
2704,18,F
2705,45,M
2706,46,M
2707,23,M
2708,27,M
2709,18,M
2710,28,F
2711,45,M
2712,35,M
2713,30,M
2714,31,M
2715,18,F
2716,29,F
2717,40,F
2718,62,F
2719,49,M
2720,19,F
2721,52,F
2722,45,M
2723,45,M
2724,33,M
2725,32,M
2726,29,M
2727,20,F
2728,26,M
2729,27,F
2730,34,F
2731,44,M
2732,34,M
2733,20,F
2734,59,M
2735,57,M
2736,45,F
2737,68,M
2738,36,M
2739,60,M
2740,21,F
2741,31,F
2742,26,M
2743,25,M
2744,23,M
2745,39,M
2746,45,F
2747,37,F
2748,23,M
2749,47,M
2750,39,M
2751,31,M
2752,41,M
2753,27,M
2754,30,F
2755,54,M
2756,28,M
2757,34,F
2758,52,M
2759,42,F
2760,20,M
2761,23,F
2762,18,F
2763,39,M
2764,33,F
2765,23,F
2766,59,F
2767,36,M
2768,27,F
2769,35,M
2770,41,F
2771,21,M
2772,28,F
2773,46,F
2774,34,M
2775,36,F
2776,33,M
2777,19,M
2778,24,F
2779,33,F
2780,26,F
2781,20,F
2782,48,F
2783,64,F
2784,46,F
2785,49,F
2786,27,M
2787,59,F
2788,25,M
2789,58,M
2790,71,F
2791,42,M
2792,64,F
2793,37,M
2794,27,F
2795,33,M
2796,38,F
2797,21,F
2798,39,M
2799,64,F
2800,25,F
2801,46,F
2802,53,M
2803,57,F
2804,59,M
2805,36,M
2806,63,F
2807,44,F
2808,24,F
2809,34,M
2810,42,F
2811,27,F
2812,40,F
2813,40,F
2814,24,M
2815,37,F
2816,45,M
2817,35,F
2818,18,F
2819,18,F
2820,30,M
2821,55,F
2822,26,M
2823,39,M
2824,26,M
2825,29,M
2826,49,F
2827,43,F
2828,22,F
2829,33,F
2830,19,F
2831,34,M
2832,40,M
2833,22,M
2834,28,F
2835,32,F
2836,54,M
2837,70,M
2838,20,M
2839,44,M
2840,31,F
2841,31,M
2842,44,M
2843,54,F
2844,58,F
2845,37,F
2846,30,F
2847,46,F
2848,27,F
2849,37,F
2850,30,F
2851,40,M
2852,27,M
2853,25,M
2854,54,F
2855,22,F
2856,35,M
2857,26,F
2858,19,M
2859,19,F
2860,24,F
2861,50,M
2862,28,F
2863,58,M
2864,37,M
2865,33,M
2866,37,M
2867,35,F
2868,44,F
2869,28,M
2870,30,F
2871,52,F
2872,57,M
2873,52,F
2874,32,M
2875,45,F
2876,34,M
2877,35,F
2878,25,M
2879,38,M
2880,25,M
2881,30,F
2882,49,M
2883,26,F
2884,21,F
2885,21,M
2886,56,M
2887,35,M
2888,32,F
2889,47,M
2890,48,F
2891,30,F
2892,41,F
2893,45,F
2894,40,F
2895,24,F
2896,51,M
2897,36,M
2898,28,M
2899,32,M
2900,19,F
2901,23,F
2902,44,M
2903,18,F
2904,32,F
2905,36,M
2906,20,F
2907,62,F
2908,26,F
2909,29,F
2910,29,F
2911,26,F
2912,18,F
2913,43,M
2914,60,M
2915,26,F
2916,40,M
2917,43,M
2918,49,M
2919,32,M
2920,29,F
2921,29,M
2922,42,M
2923,47,F
2924,25,F
2925,31,M
2926,52,F
2927,46,M
2928,65,F
2929,44,F
2930,31,M
2931,38,M
2932,40,M
2933,21,M
2934,36,F
2935,42,M
2936,24,M
2937,45,M
2938,38,F
2939,58,F
2940,19,M
2941,27,F
2942,38,F
2943,28,M
2944,42,F
2945,44,M
2946,22,F
2947,35,M
2948,35,M
2949,31,M
2950,55,F
2951,48,F
2952,42,F
2953,42,F
2954,34,F
2955,54,M
2956,42,M
2957,43,M
2958,50,F
2959,28,F
2960,46,M
2961,25,F
2962,30,F
2963,30,M
2964,63,F
2965,49,M
2966,42,M
2967,43,F
2968,37,F
2969,57,F
2970,35,F
2971,31,M
2972,24,F
2973,45,M
2974,43,M
2975,31,F
2976,19,F
2977,48,F
2978,18,F
2979,42,F
2980,61,M
2981,33,M
2982,26,M
2983,42,M
2984,47,F
2985,36,M
2986,60,M
2987,20,M
2988,35,M
2989,42,M
2990,50,M
2991,25,M
2992,46,M
2993,37,F
2994,32,F
2995,23,F
2996,50,M
2997,24,F
2998,29,M
2999,28,F
3000,50,M
3001,41,F
3002,46,F
3003,27,F
3004,39,M
3005,37,F
3006,48,M
3007,53,F
3008,18,F
3009,41,M
3010,20,M
3011,36,M
3012,28,F
3013,29,F
3014,30,F
3015,39,F
3016,30,M
3017,43,F
3018,32,M
3019,21,M
3020,45,M
3021,28,F
3022,33,F
3023,41,F
3024,30,F
3025,20,M
3026,31,M
3027,57,F
3028,40,F
3029,41,F
3030,39,M
3031,25,M
3032,32,F
3033,44,F
3034,22,F
3035,28,F
3036,28,F
3037,33,F
3038,64,F
3039,20,M
3040,35,F
3041,25,M
3042,61,M
3043,22,M
3044,32,F
3045,43,F
3046,42,F
3047,32,F
3048,30,F
3049,32,M
3050,27,M
3051,26,M
3052,34,M
3053,28,M
3054,28,F
3055,40,M
3056,61,F
3057,38,F
3058,21,M
3059,21,F
3060,58,M
3061,28,M
3062,21,F
3063,38,M
3064,39,F
3065,40,F
3066,28,F
3067,18,F
3068,60,M
3069,27,F
3070,41,M
3071,42,F
3072,38,M
3073,29,F
3074,28,F
3075,38,F
3076,50,F
3077,57,M
3078,22,F
3079,24,F
3080,57,F
3081,43,F
3082,51,M
3083,25,F
3084,38,M
3085,42,M
3086,41,M
3087,32,M
3088,18,F
3089,38,M
3090,27,M
3091,33,F
3092,59,M
3093,32,M
3094,48,F
3095,25,M
3096,41,M
3097,63,F
3098,22,M
3099,18,F
3100,33,M
3101,21,F
3102,44,M
3103,54,M
3104,33,M
3105,27,M
3106,33,M
3107,43,F
3108,18,F
3109,38,M
3110,39,F
3111,39,M
3112,27,F
3113,42,M
3114,21,F
3115,25,M
3116,51,F
3117,43,F
3118,18,M
3119,27,F
3120,26,M
3121,28,F
3122,27,F
3123,20,M
3124,34,M
3125,43,F
3126,38,F
3127,41,M
3128,21,M
3129,58,F
3130,48,F
3131,46,F
3132,47,F
3133,55,M
3134,36,F
3135,25,F
3136,39,F
3137,43,F
3138,43,F
3139,36,M
3140,21,F
3141,31,F
3142,54,M
3143,38,F
3144,36,F
3145,28,M
3146,31,F
3147,52,F
3148,40,M
3149,45,M
3150,33,M
3151,39,M
3152,27,F
3153,42,M
3154,33,M
3155,33,M
3156,40,F
3157,56,F
3158,20,M
3159,47,F
3160,28,F
3161,33,M
3162,19,F
3163,29,F
3164,35,F
3165,20,F
3166,35,F
3167,55,M
3168,22,F
3169,44,M
3170,32,M
3171,40,F
3172,27,M
3173,24,M
3174,24,M
3175,21,F
3176,25,M
3177,40,F
3178,51,F
3179,47,M
3180,41,F
3181,22,F
3182,28,F
3183,29,F
3184,27,F
3185,35,F
3186,36,F
3187,30,F
3188,30,M
3189,48,F
3190,46,F
3191,29,F
3192,54,F
3193,58,F
3194,29,M
3195,30,F
3196,35,M
3197,56,F
3198,51,M
3199,22,M
3200,31,M
3201,37,M
3202,35,M
3203,25,M
3204,49,M
3205,41,F
3206,48,F
3207,49,M
3208,44,F
3209,33,F
3210,38,F
3211,24,M
3212,41,M
3213,25,M
3214,42,M
3215,26,M
3216,22,F
3217,24,M
3218,18,M
3219,42,F
3220,43,F
3221,35,M
3222,24,M
3223,21,F
3224,18,M
3225,24,F
3226,52,M
3227,27,M
3228,30,F
3229,22,M
3230,26,M
3231,35,F
3232,38,M
3233,27,F
3234,20,M
3235,31,F
3236,26,F
3237,26,F
3238,59,M
3239,39,F
3240,37,F
3241,32,M
3242,33,F
3243,36,M
3244,42,F
3245,42,M
3246,24,F
3247,35,M
3248,32,F
3249,50,F
3250,39,F
3251,36,F
3252,22,F
3253,38,M
3254,22,M
3255,30,M
3256,23,M
3257,41,F
3258,26,M
3259,31,M
3260,52,F
3261,25,F
3262,35,F
3263,32,M
3264,18,F
3265,46,M
3266,21,M
3267,34,F
3268,37,F
3269,39,M
3270,41,F
3271,27,F
3272,18,M
3273,43,F
3274,36,F
3275,48,M
3276,47,M
3277,48,M
3278,34,M
3279,30,M
3280,46,F
3281,33,M
3282,25,F
3283,49,F
3284,51,M
3285,34,F
3286,21,F
3287,31,F
3288,46,M
3289,52,M
3290,25,F
3291,20,F
3292,51,M
3293,31,M
3294,36,F
3295,61,M
3296,20,F
3297,40,M
3298,21,F
3299,31,F
3300,46,M
3301,33,M
3302,74,F
3303,37,M
3304,29,F
3305,26,F
3306,30,M
3307,31,F
3308,21,M
3309,31,M
3310,34,M
3311,43,F
3312,40,M
3313,42,F
3314,18,F
3315,26,F
3316,40,M
3317,34,F
3318,18,M
3319,46,M
3320,45,F
3321,36,M
3322,20,M
3323,45,M
3324,38,F
3325,45,F
3326,44,F
3327,46,M
3328,35,M
3329,23,F
3330,41,F
3331,39,M
3332,43,F
3333,24,F
3334,25,M
3335,52,M
3336,44,M
3337,53,M
3338,44,F
3339,38,F
3340,40,F
3341,51,F
3342,37,F
3343,39,F
3344,24,M
3345,34,F
3346,42,M
3347,28,F
3348,25,M
3349,29,F
3350,27,F
3351,26,M
3352,32,F
3353,53,F
3354,35,M
3355,25,F
3356,21,F
3357,42,M
3358,31,M
3359,47,M
3360,40,M
3361,46,M
3362,28,M
3363,41,M
3364,27,M
3365,56,F
3366,39,F
3367,29,M
3368,28,F
3369,25,M
3370,42,M
3371,26,M
3372,38,F
3373,27,F
3374,40,M
3375,47,M
3376,45,F
3377,44,F
3378,25,F
3379,21,F
3380,42,M
3381,31,M
3382,33,F
3383,19,F
3384,27,F
3385,19,F
3386,51,F
3387,27,F
3388,37,F
3389,19,M
3390,40,M
3391,29,F
3392,52,F
3393,51,M
3394,29,F
3395,52,M
3396,72,F
3397,47,F
3398,49,M
3399,27,F
3400,37,F
3401,20,F
3402,22,F
3403,78,M
3404,29,M
3405,44,M
3406,46,F
3407,49,M
3408,75,M
3409,27,M
3410,19,M
3411,32,F
3412,23,F
3413,19,M
3414,30,F
3415,45,F
3416,37,F
3417,29,M
3418,40,M
3419,26,M
3420,18,M
3421,44,F
3422,39,F
3423,44,F
3424,19,F
3425,48,F
3426,39,F
3427,37,M
3428,39,M
3429,50,M
3430,38,F
3431,37,F
3432,68,F
3433,44,F
3434,33,M
3435,42,M
3436,31,F
3437,26,F
3438,38,F
3439,55,M
3440,55,F
3441,30,M
3442,36,M
3443,26,F
3444,72,M
3445,64,F
3446,40,F
3447,46,M
3448,42,F
3449,38,M
3450,20,F
3451,33,M
3452,41,F
3453,41,F
3454,31,M
3455,56,F
3456,24,F
3457,35,F
3458,41,F
3459,42,M
3460,40,M
3461,28,M
3462,24,F
3463,39,M
3464,38,F
3465,25,F
3466,42,F
3467,33,M
3468,41,M
3469,48,F
3470,24,M
3471,18,M
3472,45,M
3473,38,F
3474,42,F
3475,48,M
3476,46,M
3477,59,M
3478,36,F
3479,34,F
3480,32,M
3481,24,M
3482,37,F
3483,28,F
3484,54,F
3485,38,F
3486,38,M
3487,30,F
3488,20,M
3489,19,M
3490,32,M
3491,21,M
3492,38,M
3493,51,M
3494,51,F
3495,40,M
3496,26,M
3497,50,M
3498,51,M
3499,25,M
3500,43,M
3501,28,M
3502,46,F
3503,74,M
3504,19,M
3505,52,M
3506,39,M
3507,62,M
3508,34,M
3509,49,M
3510,20,M
3511,30,M
3512,20,F
3513,62,M
3514,47,F
3515,49,M
3516,56,F
3517,21,M
3518,31,F
3519,21,M
3520,26,M
3521,26,F
3522,34,M
3523,28,F
3524,22,M
3525,24,F
3526,23,F
3527,62,M
3528,44,F
3529,61,F
3530,33,M
3531,28,F
3532,46,M
3533,29,M
3534,29,M
3535,26,F
3536,23,M
3537,27,F
3538,30,M
3539,41,M
3540,20,M
3541,26,F
3542,47,M
3543,23,M
3544,30,F
3545,50,M
3546,24,F
3547,21,M
3548,34,M
3549,29,M
3550,37,F
3551,46,M
3552,23,M
3553,37,M
3554,35,M
3555,23,M
3556,39,M
3557,28,F
3558,34,M
3559,21,M
3560,34,F
3561,29,F
3562,47,F
3563,20,M
3564,32,F
3565,34,F
3566,43,F
3567,37,F
3568,40,F
3569,45,F
3570,50,M
3571,29,M
3572,36,F
3573,48,F
3574,67,F
3575,52,M
3576,31,M
3577,25,M
3578,34,F
3579,43,F
3580,35,F
3581,34,F
3582,48,M
3583,30,M
3584,49,M
3585,32,F
3586,29,F
3587,33,F
3588,44,F
3589,23,F
3590,25,M
3591,58,M
3592,24,M
3593,37,M
3594,37,F
3595,34,F
3596,40,M
3597,26,M
3598,37,F
3599,31,M
3600,40,F
3601,23,F
3602,37,F
3603,25,F
3604,28,M
3605,26,F
3606,25,F
3607,47,F
3608,28,M
3609,55,M
3610,61,F
3611,37,F
3612,23,M
3613,31,M
3614,46,M
3615,31,M
3616,21,M
3617,37,M
3618,49,M
3619,46,F
3620,24,M
3621,41,M
3622,26,M
3623,26,F
3624,50,M
3625,27,F
3626,27,M
3627,18,F
3628,50,M
3629,46,M
3630,39,F
3631,44,F
3632,24,F
3633,34,F
3634,30,F
3635,22,F
3636,34,F
3637,54,M
3638,19,F
3639,28,M
3640,26,F
3641,27,F
3642,53,F
3643,34,M
3644,34,F
3645,44,F
3646,24,F
3647,34,M
3648,33,F
3649,38,M
3650,82,F
3651,45,M
3652,32,F
3653,48,M
3654,24,M
3655,19,M
3656,25,F
3657,30,M
3658,35,M
3659,39,M
3660,53,M
3661,35,M
3662,35,F
3663,20,M
3664,19,F
3665,36,M
3666,33,F
3667,48,F
3668,24,M
3669,19,F
3670,33,F
3671,27,F
3672,20,M
3673,43,F
3674,22,M
3675,38,M
3676,28,F
3677,24,F
3678,31,M
3679,46,M
3680,31,F
3681,44,M
3682,23,M
3683,45,M
3684,27,F
3685,41,M
3686,37,F
3687,55,F
3688,31,M
3689,20,F
3690,18,M
3691,48,F
3692,36,F
3693,45,F
3694,26,M
3695,30,M
3696,19,M
3697,59,M
3698,41,F
3699,55,F
3700,27,M
3701,38,F
3702,41,F
3703,29,F
3704,49,F
3705,57,M
3706,51,F
3707,43,F
3708,28,M
3709,28,F
3710,60,M
3711,18,F
3712,42,F
3713,42,M
3714,39,M
3715,68,M
3716,29,M
3717,30,F
3718,21,M
3719,33,F
3720,27,M
3721,30,F
3722,48,M
3723,56,F
3724,25,M
3725,31,F
3726,55,M
3727,20,F
3728,21,M
3729,24,F
3730,38,F
3731,24,M
3732,61,M
3733,33,M
3734,35,F
3735,27,M
3736,34,M
3737,40,F
3738,44,M
3739,44,M
3740,37,M
3741,53,M
3742,47,F
3743,44,M
3744,20,M
3745,18,M
3746,26,F
3747,40,M
3748,32,M
3749,32,M
3750,51,M
3751,52,F
3752,53,M
3753,29,M
3754,41,M
3755,28,F
3756,25,F
3757,25,F
3758,30,M
3759,33,M
3760,48,M
3761,22,M
3762,43,M
3763,36,F
3764,28,F
3765,35,F
3766,29,M
3767,38,M
3768,33,F
3769,24,M
3770,22,F
3771,36,M
3772,53,M
3773,30,F
3774,43,F
3775,40,M
3776,55,M
3777,47,F
3778,37,M
3779,40,F
3780,52,F
3781,32,F
3782,29,M
3783,18,M
3784,48,F
3785,46,M
3786,22,F
3787,37,M
3788,34,M
3789,22,M
3790,64,F
3791,26,M
3792,20,M
3793,38,M
3794,43,F
3795,19,F
3796,40,F
3797,36,M
3798,22,F
3799,24,F
3800,37,M
3801,28,M
3802,56,F
3803,47,M
3804,65,M
3805,27,M
3806,61,F
3807,33,M
3808,30,M
3809,20,M
3810,20,M
3811,41,M
3812,33,F
3813,26,M
3814,39,M
3815,27,M
3816,37,F
3817,30,F
3818,47,F
3819,47,F
3820,34,M
3821,30,M
3822,31,F
3823,46,M
3824,29,F
3825,26,M
3826,21,F
3827,34,M
3828,34,F
3829,48,M
3830,26,M
3831,31,M
3832,47,F
3833,47,M
3834,31,F
3835,34,F
3836,29,F
3837,55,F
3838,22,F
3839,56,F
3840,41,F
3841,36,M
3842,19,M
3843,34,F
3844,32,F
3845,24,F
3846,40,M
3847,61,F
3848,37,M
3849,42,F
3850,21,M
3851,32,F
3852,22,M
3853,39,M
3854,56,M
3855,40,M
3856,21,F
3857,30,M
3858,36,F
3859,32,M
3860,48,M
3861,47,M
3862,39,M
3863,31,M
3864,27,M
3865,22,M
3866,30,M
3867,32,M
3868,41,M
3869,40,F
3870,21,F
3871,32,M
3872,25,F
3873,24,F
3874,48,M
3875,19,F
3876,32,F
3877,24,F
3878,51,F
3879,37,F
3880,26,M
3881,35,M
3882,43,F
3883,59,F
3884,26,M
3885,51,F
3886,56,F
3887,54,M
3888,39,M
3889,39,F
3890,32,F
3891,44,F
3892,36,F
3893,41,M
3894,33,M
3895,43,M
3896,47,F
3897,23,F
3898,48,F
3899,36,M
3900,49,M
3901,33,F
3902,31,F
3903,54,F
3904,27,M
3905,49,F
3906,34,M
3907,35,F
3908,29,F
3909,37,M
3910,29,M
3911,19,F
3912,28,M
3913,18,F
3914,63,F
3915,60,M
3916,32,M
3917,43,M
3918,30,F
3919,41,F
3920,46,F
3921,57,M
3922,32,M
3923,45,F
3924,27,M
3925,68,M
3926,19,M
3927,38,M
3928,40,F
3929,41,F
3930,23,F
3931,56,F
3932,25,F
3933,39,M
3934,26,M
3935,29,M
3936,36,M
3937,32,F
3938,24,M
3939,24,M
3940,32,M
3941,44,F
3942,52,M
3943,21,F
3944,31,F
3945,22,M
3946,18,M
3947,40,F
3948,38,F
3949,24,M
3950,26,F
3951,19,M
3952,48,M
3953,62,F
3954,23,M
3955,26,M
3956,50,M
3957,55,M
3958,32,M
3959,20,M
3960,19,M
3961,37,M
3962,31,F
3963,19,M
3964,38,F
3965,18,F
3966,45,F
3967,29,M
3968,19,F
3969,38,M
3970,32,M
3971,62,M
3972,36,M
3973,28,M
3974,42,F
3975,28,F
3976,53,F
3977,31,M
3978,36,M
3979,20,F
3980,33,F
3981,48,M
3982,46,M
3983,26,F
3984,26,F
3985,47,F
3986,55,F
3987,22,F
3988,33,F
3989,30,M
3990,50,M
3991,21,M
3992,26,F
3993,44,F
3994,20,M
3995,35,F
3996,33,F
3997,30,F
3998,32,F
3999,36,F
4000,24,F
4001,37,M
4002,46,F
4003,44,F
4004,24,M
4005,24,F
4006,28,M
4007,30,M
4008,32,M
4009,41,F
4010,20,M
4011,19,F
4012,31,F
4013,42,F
4014,25,M
4015,40,M
4016,27,M
4017,51,M
4018,52,F
4019,28,M
4020,26,M
4021,32,M
4022,27,F
4023,41,M
4024,47,F
4025,41,F
4026,47,F
4027,32,F
4028,24,M
4029,43,M
4030,30,M
4031,41,M
4032,28,F
4033,21,F
4034,69,F
4035,24,F
4036,67,M
4037,63,M
4038,46,F
4039,40,M
4040,37,M
4041,50,F
4042,28,F
4043,34,M
4044,39,F
4045,32,M
4046,33,F
4047,30,M
4048,37,M
4049,49,M
4050,25,M
4051,56,M
4052,41,M
4053,47,M
4054,37,M
4055,45,M
4056,18,M
4057,47,F
4058,19,F
4059,52,F
4060,69,F
4061,28,M
4062,26,M
4063,44,M
4064,27,F
4065,50,F
4066,22,F
4067,23,M
4068,63,M
4069,41,M
4070,49,M
4071,29,F
4072,41,F
4073,38,F
4074,38,F
4075,41,M
4076,37,F
4077,33,M
4078,28,M
4079,45,F
4080,26,F
4081,41,F
4082,26,F
4083,39,M
4084,44,F
4085,26,F
4086,20,M
4087,23,M
4088,38,F
4089,49,M
4090,20,F
4091,43,F
4092,30,F
4093,34,M
4094,55,M
4095,30,M
4096,34,F
4097,18,F
4098,21,M
4099,27,M
4100,19,F
4101,39,F
4102,33,M
4103,36,F
4104,24,M
4105,28,M
4106,40,F
4107,60,F
4108,20,F
4109,52,M
4110,37,M
4111,37,M
4112,35,M
4113,21,F
4114,21,M
4115,38,F
4116,30,M
4117,54,M
4118,32,M
4119,23,F
4120,42,M
4121,28,M
4122,36,M
4123,42,F
4124,52,M
4125,46,F
4126,41,M
4127,41,F
4128,57,F
4129,28,M
4130,18,M
4131,28,F
4132,26,F
4133,40,F
4134,39,F
4135,38,M
4136,18,F
4137,43,M
4138,29,M
4139,40,M
4140,37,M
4141,30,M
4142,23,M
4143,22,M
4144,48,M
4145,54,F
4146,40,F
4147,22,F
4148,32,M
4149,43,F
4150,45,M
4151,22,F
4152,18,F
4153,42,M
4154,30,M
4155,27,F
4156,18,M
4157,36,M
4158,49,F
4159,59,F
4160,37,M
4161,35,M
4162,21,F
4163,36,F
4164,31,M
4165,38,F
4166,31,F
4167,27,M
4168,22,M
4169,29,M
4170,22,F
4171,25,F
4172,66,F
4173,33,F
4174,36,F
4175,50,F
4176,72,F
4177,38,M
4178,47,M
4179,29,M
4180,29,F
4181,32,F
4182,41,M
4183,41,M
4184,29,F
4185,23,M
4186,39,M
4187,23,M
4188,37,M
4189,41,F
4190,42,M
4191,44,M
4192,50,F
4193,35,F
4194,43,M
4195,39,M
4196,25,M
4197,19,F
4198,28,M
4199,33,F
4200,39,F
4201,49,M
4202,25,F
4203,23,M
4204,60,F
4205,22,F
4206,34,M
4207,38,M
4208,36,M
4209,21,F
4210,20,M
4211,22,F
4212,38,M
4213,36,M
4214,26,M
4215,39,M
4216,47,M
4217,19,M
4218,35,F
4219,41,F
4220,27,F
4221,29,F
4222,39,F
4223,52,M
4224,47,F
4225,38,F
4226,43,F
4227,31,F
4228,40,F
4229,34,M
4230,25,F
4231,42,F
4232,37,M
4233,30,M
4234,53,F
4235,18,F
4236,29,M
4237,20,F
4238,45,F
4239,42,M
4240,30,F
4241,41,M
4242,32,M
4243,44,M
4244,33,F
4245,32,M
4246,56,M
4247,27,M
4248,23,M
4249,38,F
4250,61,F
4251,31,M
4252,20,F
4253,30,F
4254,35,M
4255,24,F
4256,40,M
4257,75,F
4258,33,M
4259,30,M
4260,32,M
4261,22,M
4262,51,M
4263,32,M
4264,31,F
4265,40,F
4266,33,F
4267,40,M
4268,20,F
4269,47,M
4270,56,M
4271,40,M
4272,58,M
4273,24,F
4274,34,M
4275,38,F
4276,37,M
4277,32,F
4278,30,M
4279,23,M
4280,31,F
4281,24,M
4282,43,F
4283,26,F
4284,20,F
4285,37,M
4286,38,M
4287,50,F
4288,37,F
4289,30,F
4290,46,M
4291,36,M
4292,21,M
4293,37,M
4294,53,M
4295,32,M
4296,28,M
4297,23,F
4298,24,F
4299,33,F
4300,38,M
4301,21,F
4302,56,M
4303,44,M
4304,38,F
4305,48,F
4306,21,M
4307,34,M
4308,39,M
4309,48,M
4310,45,F
4311,28,F
4312,56,M
4313,23,F
4314,50,M
4315,61,F
4316,25,M
4317,43,F
4318,19,F
4319,32,M
4320,35,F
4321,37,F
4322,56,F
4323,41,M
4324,34,M
4325,47,M
4326,58,F
4327,19,M
4328,64,F
4329,21,M
4330,47,F
4331,28,M
4332,23,F
4333,33,F
4334,40,M
4335,31,F
4336,20,M
4337,38,M
4338,53,F
4339,31,M
4340,26,F
4341,33,M
4342,20,M
4343,47,M
4344,47,F
4345,38,F
4346,30,F
4347,46,M
4348,37,F
4349,47,M
4350,39,M
4351,45,F
4352,38,F
4353,32,F
4354,59,F
4355,36,F
4356,38,F
4357,26,M
4358,39,M
4359,37,F
4360,25,M
4361,20,F
4362,38,M
4363,44,M
4364,36,F
4365,26,M
4366,40,F
4367,21,F
4368,33,F
4369,24,M
4370,25,F
4371,25,M
4372,31,F
4373,20,M
4374,32,M
4375,35,M
4376,34,M
4377,31,F
4378,48,M
4379,23,M
4380,35,M
4381,20,F
4382,21,F
4383,37,M
4384,37,F
4385,51,M
4386,37,F
4387,59,M
4388,20,M
4389,22,M
4390,19,M
4391,25,F
4392,36,M
4393,40,F
4394,20,M
4395,57,F
4396,48,M
4397,28,F
4398,21,M
4399,24,M
4400,23,F
4401,23,F
4402,35,M
4403,27,F
4404,30,F
4405,67,F
4406,41,F
4407,57,M
4408,23,M
4409,31,F
4410,37,F
4411,21,F
4412,18,M
4413,41,M
4414,40,F
4415,32,M
4416,34,M
4417,32,M
4418,19,F
4419,30,M
4420,25,M
4421,22,M
4422,59,F
4423,38,M
4424,43,F
4425,29,F
4426,31,M
4427,27,M
4428,22,M
4429,25,M
4430,46,F
4431,41,F
4432,36,M
4433,34,F
4434,54,F
4435,21,F
4436,28,M
4437,30,M
4438,45,M
4439,69,M
4440,27,F
4441,50,M
4442,48,F
4443,26,F
4444,32,M
4445,32,F
4446,63,F
4447,25,F
4448,46,F
4449,30,F
4450,43,M
4451,32,F
4452,37,M
4453,48,M
4454,46,F
4455,50,M
4456,20,F
4457,41,F
4458,23,M
4459,32,F
4460,36,F
4461,32,M
4462,35,F
4463,73,F
4464,23,F
4465,41,F
4466,32,M
4467,23,M
4468,24,M
4469,57,F
4470,51,M
4471,53,F
4472,68,M
4473,26,F
4474,30,M
4475,41,M
4476,34,M
4477,32,F
4478,30,M
4479,38,F
4480,37,F
4481,24,M
4482,34,M
4483,37,M
4484,37,M
4485,26,M
4486,43,F
4487,19,M
4488,30,F
4489,45,F
4490,37,F
4491,27,M
4492,42,F
4493,37,F
4494,46,M
4495,43,F
4496,38,F
4497,34,F
4498,23,F
4499,27,F
4500,32,M
4501,38,F
4502,35,M
4503,28,F
4504,18,M
4505,35,M
4506,28,F
4507,43,M
4508,19,F
4509,38,M
4510,56,F
4511,24,M
4512,34,M
4513,21,M
4514,39,F
4515,36,M
4516,32,F
4517,36,M
4518,52,F
4519,25,F
4520,19,F
4521,50,M
4522,37,M
4523,52,F
4524,38,M
4525,47,M
4526,33,M
4527,44,F
4528,53,M
4529,37,F
4530,25,F
4531,28,M
4532,25,M
4533,27,M
4534,29,M
4535,37,M
4536,38,F
4537,33,M
4538,39,M
4539,21,F
4540,21,M
4541,24,M
4542,35,M
4543,26,F
4544,28,F
4545,32,F
4546,47,F
4547,18,M
4548,40,F
4549,41,M
4550,46,F
4551,55,F
4552,18,M
4553,24,M
4554,51,M
4555,34,M
4556,37,F
4557,40,M
4558,41,M
4559,55,F
4560,74,M
4561,43,F
4562,28,F
4563,51,M
4564,20,F
4565,26,F
4566,52,F
4567,27,F
4568,26,F
4569,23,M
4570,49,F
4571,35,F
4572,41,M
4573,27,F
4574,44,F
4575,44,F
4576,29,F
4577,32,F
4578,26,M
4579,63,F
4580,40,F
4581,56,F
4582,29,F
4583,45,F
4584,44,M
4585,41,F
4586,60,M
4587,31,M
4588,23,F
4589,41,F
4590,43,M
4591,37,M
4592,26,F
4593,35,M
4594,29,F
4595,33,M
4596,40,M
4597,44,M
4598,26,M
4599,32,F
4600,28,M
4601,25,M
4602,45,F
4603,53,F
4604,31,M
4605,44,F
4606,52,F
4607,49,M
4608,25,F
4609,58,F
4610,31,F
4611,30,M
4612,20,F
4613,34,F
4614,22,M
4615,27,M
4616,29,M
4617,47,M
4618,50,F
4619,29,M
4620,49,M
4621,49,M
4622,44,F
4623,23,M
4624,41,M
4625,57,F
4626,41,M
4627,30,F
4628,35,M
4629,40,M
4630,35,M
4631,22,F
4632,29,F
4633,46,M
4634,50,F
4635,23,F
4636,58,M
4637,29,M
4638,40,M
4639,44,F
4640,47,M
4641,57,F
4642,29,F
4643,49,M
4644,23,M
4645,42,F
4646,43,F
4647,41,M
4648,27,F
4649,50,M
4650,24,F
4651,20,M
4652,42,M
4653,34,M
4654,49,M
4655,31,M
4656,24,F
4657,48,F
4658,36,F
4659,25,M
4660,43,M
4661,35,F
4662,38,F
4663,34,F
4664,48,F
4665,48,M
4666,42,F
4667,22,F
4668,48,F
4669,41,M
4670,42,M
4671,31,F
4672,51,F
4673,43,F
4674,22,F
4675,32,F
4676,51,F
4677,20,M
4678,59,F
4679,41,M
4680,39,M
4681,28,M
4682,27,M
4683,57,M
4684,29,F
4685,45,F
4686,31,F
4687,23,M
4688,18,F
4689,36,M
4690,62,M
4691,31,M
4692,30,F
4693,30,F
4694,35,M
4695,33,F
4696,51,F
4697,35,F
4698,35,M
4699,23,M
4700,64,F
4701,27,M
4702,21,M
4703,40,F
4704,38,M
4705,32,M
4706,32,M
4707,45,M
4708,25,M
4709,47,F
4710,40,M
4711,32,F
4712,34,M
4713,27,M
4714,44,F
4715,35,F
4716,29,F
4717,38,M
4718,72,F
4719,33,M
4720,54,M
4721,30,F
4722,20,F
4723,25,M
4724,32,F
4725,26,M
4726,18,F
4727,54,F
4728,48,F
4729,43,F
4730,24,F
4731,23,F
4732,20,F
4733,43,F
4734,55,F
4735,33,M
4736,22,M
4737,35,M
4738,30,F
4739,31,M
4740,39,F
4741,42,F
4742,22,M
4743,19,M
4744,70,M
4745,26,F
4746,20,M
4747,25,F
4748,19,M
4749,31,M
4750,46,M
4751,30,M
4752,33,F
4753,41,F
4754,35,M
4755,50,M
4756,50,M
4757,18,F
4758,45,F
4759,34,M
4760,67,F
4761,34,M
4762,66,F
4763,44,F
4764,27,F
4765,36,M
4766,69,F
4767,49,F
4768,22,F
4769,42,F
4770,30,F
4771,18,F
4772,32,M
4773,26,F
4774,47,F
4775,30,M
4776,48,M
4777,18,F
4778,29,M
4779,27,F
4780,26,M
4781,20,M
4782,25,M
4783,37,F
4784,28,M
4785,32,F
4786,31,F
4787,51,M
4788,53,F
4789,35,F
4790,30,F
4791,22,F
4792,58,F
4793,20,F
4794,29,M
4795,29,M
4796,29,M
4797,24,M
4798,45,F
4799,23,M
4800,39,F
4801,23,F
4802,21,F
4803,53,F
4804,25,F
4805,47,F
4806,36,F
4807,21,M
4808,58,M
4809,27,F
4810,49,F
4811,24,M
4812,49,M
4813,18,F
4814,35,F
4815,45,F
4816,56,F
4817,53,M
4818,47,F
4819,51,M
4820,25,M
4821,28,M
4822,28,M
4823,31,F
4824,31,F
4825,36,F
4826,24,M
4827,41,M
4828,24,M
4829,29,F
4830,35,M
4831,46,F
4832,43,F
4833,40,F
4834,24,M
4835,36,M
4836,21,M
4837,31,F
4838,32,F
4839,19,M
4840,28,F
4841,58,F
4842,58,M
4843,30,F
4844,19,F
4845,25,F
4846,31,M
4847,57,F
4848,23,F
4849,44,F
4850,22,M
4851,64,F
4852,31,F
4853,45,F
4854,30,M
4855,39,M
4856,25,M
4857,23,M
4858,56,M
4859,54,F
4860,51,F
4861,39,M
4862,47,M
4863,21,F
4864,30,F
4865,29,M
4866,39,F
4867,30,F
4868,24,F
4869,38,M
4870,47,M
4871,31,M
4872,23,M
4873,25,M
4874,27,M
4875,29,M
4876,40,F
4877,38,M
4878,42,F
4879,31,M
4880,47,F
4881,25,F
4882,34,M
4883,46,M
4884,25,M
4885,22,M
4886,51,M
4887,30,F
4888,41,M
4889,19,F
4890,41,F
4891,29,M
4892,20,M
4893,38,M
4894,27,M
4895,31,M
4896,21,M
4897,23,F
4898,29,M
4899,21,M
4900,53,M
4901,18,F
4902,34,M
4903,23,F
4904,29,M
4905,55,M
4906,24,F
4907,60,F
4908,26,F
4909,43,F
4910,36,M
4911,51,F
4912,37,M
4913,36,F
4914,25,F
4915,24,F
4916,54,M
4917,29,F
4918,31,M
4919,44,M
4920,30,F
4921,58,F
4922,43,M
4923,38,M
4924,51,M
4925,20,F
4926,27,M
4927,34,F
4928,26,M
4929,44,F
4930,54,F
4931,32,F
4932,30,F
4933,59,F
4934,33,F
4935,34,F
4936,30,M
4937,53,M
4938,37,F
4939,44,M
4940,47,M
4941,30,M
4942,33,M
4943,49,M
4944,31,M
4945,46,F
4946,56,F
4947,39,M
4948,43,F
4949,46,M
4950,49,F
4951,32,M
4952,20,F
4953,32,M
4954,41,F
4955,33,F
4956,44,F
4957,30,F
4958,39,M
4959,25,F
4960,44,F
4961,36,F
4962,25,F
4963,28,M
4964,44,M
4965,34,M
4966,26,F
4967,60,M
4968,42,F
4969,59,M
4970,33,M
4971,34,F
4972,52,F
4973,36,M
4974,42,F
4975,27,F
4976,33,F
4977,23,F
4978,26,M
4979,18,F
4980,19,M
4981,63,M
4982,27,M
4983,40,F
4984,48,M
4985,36,F
4986,24,F
4987,43,M
4988,38,F
4989,43,F
4990,45,F
4991,62,F
4992,37,M
4993,30,F
4994,40,F
4995,21,F
4996,52,F
4997,22,M
4998,29,F
4999,47,F
5000,38,F
5001,31,M
5002,34,M
5003,49,F
5004,30,F
5005,50,M
5006,21,F
5007,45,F
5008,49,M
5009,25,M
5010,33,F
5011,24,F
5012,42,M
5013,36,F
5014,39,F
5015,25,M
5016,26,M
5017,19,M
5018,29,F
5019,37,M
5020,49,F
5021,40,M
5022,33,M
5023,58,F
5024,43,M
5025,55,F
5026,36,M
5027,27,F
5028,20,M
5029,43,M
5030,23,M
5031,29,F
5032,36,M
5033,37,M
5034,38,F
5035,24,F
5036,31,M
5037,39,F
5038,61,F
5039,43,F
5040,54,F
5041,44,F
5042,38,F
5043,25,F
5044,40,M
5045,39,F
5046,38,M
5047,34,F
5048,36,M
5049,30,F
5050,35,F
5051,25,F
5052,46,F
5053,25,M
5054,21,F
5055,33,F
5056,40,F
5057,33,M
5058,28,M
5059,37,M
5060,30,F
5061,55,F
5062,54,F
5063,35,F
5064,29,F
5065,43,M
5066,19,F
5067,34,F
5068,30,F
5069,54,F
5070,18,M
5071,37,F
5072,43,F
5073,34,M
5074,21,F
5075,62,F
5076,35,M
5077,39,M
5078,27,M
5079,34,F
5080,33,M
5081,21,F
5082,22,F
5083,48,F
5084,27,M
5085,25,F
5086,35,M
5087,45,M
5088,20,F
5089,37,M
5090,22,F
5091,19,F
5092,20,F
5093,48,M
5094,22,F
5095,20,M
5096,33,M
5097,48,M
5098,27,F
5099,32,F
5100,19,M
5101,33,F
5102,37,M
5103,37,M
5104,30,M
5105,29,M
5106,22,F
5107,31,M
5108,22,M
5109,45,F
5110,60,F
5111,61,F
5112,50,M
5113,38,M
5114,42,F
5115,28,F
5116,39,F
5117,33,F
5118,34,M
5119,44,M
5120,28,M
5121,29,F
5122,55,F
5123,20,F
5124,34,F
5125,53,M
5126,38,M
5127,36,F
5128,27,F
5129,30,M
5130,49,F
5131,37,M
5132,35,F
5133,22,M
5134,18,M
5135,60,F
5136,31,F
5137,38,M
5138,21,F
5139,41,F
5140,55,M
5141,37,F
5142,23,M
5143,37,M
5144,45,F
5145,32,M
5146,51,M
5147,40,F
5148,52,F
5149,39,F
5150,23,F
5151,29,M
5152,25,F
5153,53,M
5154,44,M
5155,41,M
5156,29,F
5157,25,F
5158,44,M
5159,34,M
5160,26,F
5161,39,M
5162,19,F
5163,29,M
5164,34,M
5165,24,M
5166,65,F
5167,26,M
5168,23,F
5169,25,F
5170,45,F
5171,32,M
5172,37,F
5173,18,F
5174,19,F
5175,33,F
5176,47,F
5177,51,F
5178,21,M
5179,36,F
5180,53,M
5181,31,F
5182,48,F
5183,23,M
5184,56,F
5185,44,F
5186,56,M
5187,41,M
5188,31,F
5189,56,F
5190,28,F
5191,30,M
5192,42,M
5193,44,M
5194,55,M
5195,25,F
5196,46,F
5197,43,F
5198,20,F
5199,31,F
5200,28,F
5201,29,F
5202,64,F
5203,40,F
5204,42,M
5205,63,M
5206,31,M
5207,46,M
5208,33,F
5209,50,M
5210,25,F
5211,57,M
5212,26,F
5213,29,M
5214,44,M
5215,32,F
5216,38,F
5217,33,F
5218,43,F
5219,26,F
5220,20,M
5221,29,F
5222,34,F
5223,24,F
5224,30,M
5225,32,F
5226,20,M
5227,38,M
5228,51,F
5229,24,F
5230,38,F
5231,40,M
5232,32,F
5233,42,F
5234,32,M
5235,35,M
5236,18,F
5237,41,F
5238,40,M
5239,19,F
5240,31,F
5241,63,M
5242,32,M
5243,35,M
5244,53,F
5245,42,F
5246,37,M
5247,46,M
5248,50,M
5249,33,M
5250,34,F
5251,31,F
5252,60,M
5253,42,M
5254,21,F
5255,50,F
5256,34,F
5257,21,M
5258,36,M
5259,32,F
5260,51,F
5261,25,F
5262,47,M
5263,37,F
5264,20,M
5265,61,M
5266,35,M
5267,28,M
5268,34,F
5269,49,F
5270,29,M
5271,25,M
5272,23,M
5273,29,M
5274,45,M
5275,34,M
5276,26,M
5277,24,F
5278,30,M
5279,56,M
5280,30,M
5281,67,M
5282,34,F
5283,25,F
5284,52,M
5285,34,F
5286,42,M
5287,65,M
5288,20,F
5289,22,F
5290,43,M
5291,28,F
5292,25,M
5293,19,F
5294,19,M
5295,45,F
5296,23,M
5297,34,M
5298,38,M
5299,33,F
5300,19,M
5301,45,F
5302,18,F
5303,44,F
5304,52,M
5305,33,M
5306,36,M
5307,34,M
5308,31,F
5309,51,F
5310,52,F
5311,30,M
5312,39,F
5313,55,F
5314,59,M
5315,35,M
5316,33,M
5317,28,M
5318,59,F
5319,23,F
5320,37,M
5321,28,F
5322,28,M
5323,32,F
5324,78,M
5325,20,M
5326,37,M
5327,21,M
5328,24,M
5329,33,F
5330,35,M
5331,27,F
5332,29,F
5333,21,F
5334,29,F
5335,60,F
5336,57,M
5337,30,M
5338,37,M
5339,53,M
5340,18,M
5341,47,M
5342,57,M
5343,21,F
5344,24,M
5345,59,F
5346,36,F
5347,18,F
5348,27,F
5349,33,F
5350,41,F
5351,43,F
5352,72,F
5353,28,F
5354,36,F
5355,36,M
5356,32,F
5357,24,M
5358,63,F
5359,49,F
5360,35,M
5361,38,M
5362,26,M
5363,36,M
5364,42,M
5365,35,F
5366,68,M
5367,38,M
5368,31,F
5369,45,M
5370,24,M
5371,31,M
5372,30,M
5373,33,F
5374,45,F
5375,34,F
5376,46,F
5377,37,F
5378,30,F
5379,47,F
5380,27,F
5381,26,M
5382,35,M
5383,27,M
5384,18,F
5385,40,F
5386,35,M
5387,33,M
5388,60,M
5389,37,M
5390,50,M
5391,23,M
5392,37,F
5393,50,M
5394,38,M
5395,42,F
5396,31,F
5397,21,F
5398,33,F
5399,32,M
5400,50,M
5401,27,F
5402,60,F
5403,59,M
5404,27,M
5405,30,F
5406,52,F
5407,60,F
5408,33,M
5409,29,F
5410,36,F
5411,41,F
5412,28,M
5413,43,F
5414,20,F
5415,20,F
5416,31,M
5417,30,F
5418,29,F
5419,35,F
5420,29,M
5421,25,M
5422,29,M
5423,62,F
5424,32,F
5425,33,M
5426,37,F
5427,65,M
5428,27,F
5429,41,M
5430,42,M
5431,38,M
5432,21,M
5433,41,F
5434,20,F
5435,38,F
5436,43,F
5437,26,F
5438,48,M
5439,19,F
5440,48,F
5441,34,F
5442,26,F
5443,23,M
5444,58,M
5445,21,F
5446,25,F
5447,30,F
5448,39,F
5449,36,F
5450,23,M
5451,28,M
5452,27,F
5453,26,F
5454,32,M
5455,42,M
5456,26,M
5457,31,F
5458,31,M
5459,62,F
5460,58,F
5461,46,F
5462,27,M
5463,20,F
5464,29,M
5465,28,F
5466,35,M
5467,45,M
5468,49,F
5469,49,M
5470,30,M
5471,41,F
5472,29,F
5473,20,M
5474,42,F
5475,18,F
5476,32,F
5477,29,F
5478,41,M
5479,45,F
5480,29,M
5481,47,M
5482,28,M
5483,33,F
5484,43,M
5485,41,M
5486,66,M
5487,26,M
5488,40,F
5489,38,F
5490,54,M
5491,24,M
5492,44,F
5493,37,M
5494,28,F
5495,34,F
5496,30,M
5497,37,F
5498,51,M
5499,37,F
5500,39,F
5501,35,F
5502,20,F
5503,26,M
5504,35,M
5505,29,M
5506,25,M
5507,35,M
5508,29,M
5509,27,F
5510,34,F
5511,23,F
5512,55,F
5513,50,F
5514,42,M
5515,22,M
5516,45,F
5517,47,F
5518,45,F
5519,22,F
5520,40,M
5521,48,M
5522,37,M
5523,40,M
5524,34,M
5525,36,F
5526,19,M
5527,39,M
5528,21,F
5529,33,F
5530,28,M
5531,36,F
5532,23,M
5533,41,M
5534,46,M
5535,24,M
5536,22,F
5537,23,M
5538,51,F
5539,36,F
5540,34,M
5541,22,F
5542,40,M
5543,50,F
5544,48,F
5545,39,M
5546,21,M
5547,22,F
5548,20,F
5549,27,M
5550,23,F
5551,27,M
5552,31,M
5553,57,F
5554,38,F
5555,48,M
5556,42,M
5557,22,F
5558,43,F
5559,28,M
5560,39,F
5561,30,F
5562,75,F
5563,27,M
5564,28,M
5565,55,M
5566,19,M
5567,42,M
5568,43,M
5569,48,M
5570,62,F
5571,62,M
5572,20,M
5573,47,F
5574,40,F
5575,40,M
5576,23,M
5577,40,M
5578,64,M
5579,53,M
5580,33,M
5581,19,F
5582,31,M
5583,47,M
5584,42,F
5585,34,F
5586,20,F
5587,33,M
5588,34,F
5589,55,F
5590,40,M
5591,29,F
5592,36,F
5593,20,M
5594,62,M
5595,30,F
5596,34,F
5597,30,F
5598,41,F
5599,40,F
5600,42,F
5601,28,F
5602,29,M
5603,23,M
5604,40,M
5605,19,M
5606,38,M
5607,50,M
5608,52,M
5609,33,F
5610,34,M
5611,21,M
5612,41,M
5613,47,F
5614,27,M
5615,32,F
5616,48,F
5617,51,M
5618,27,M
5619,36,M
5620,25,M
5621,22,F
5622,53,M
5623,47,F
5624,44,M
5625,20,M
5626,48,M
5627,33,M
5628,30,M
5629,36,F
5630,21,M
5631,44,M
5632,38,M
5633,25,M
5634,25,M
5635,25,M
5636,20,F
5637,38,F
5638,48,F
5639,18,M
5640,20,F
5641,37,F
5642,47,F
5643,29,M
5644,30,M
5645,38,M
5646,28,M
5647,19,M
5648,43,F
5649,39,M
5650,37,F
5651,43,F
5652,41,F
5653,26,F
5654,30,F
5655,23,F
5656,23,M
5657,41,M
5658,49,F
5659,60,F
5660,39,F
5661,25,M
5662,22,F
5663,47,F
5664,37,M
5665,39,M
5666,45,F
5667,42,M
5668,48,F
5669,20,M
5670,44,M
5671,49,M
5672,28,F
5673,40,M
5674,29,F
5675,59,M
5676,19,M
5677,37,M
5678,24,F
5679,42,F
5680,25,M
5681,26,M
5682,35,F
5683,54,F
5684,26,M
5685,23,M
5686,44,M
5687,35,M
5688,53,F
5689,23,F
5690,40,M
5691,26,M
5692,24,M
5693,41,F
5694,38,M
5695,44,F
5696,29,M
5697,33,F
5698,32,F
5699,65,M
5700,28,M
5701,28,F
5702,30,M
5703,37,M
5704,27,F
5705,54,F
5706,27,M
5707,52,F
5708,22,F
5709,40,F
5710,53,F
5711,24,M
5712,61,F
5713,33,F
5714,57,F
5715,41,F
5716,29,F
5717,25,M
5718,29,M
5719,21,M
5720,23,M
5721,22,F
5722,32,F
5723,46,F
5724,23,F
5725,23,F
5726,40,F
5727,25,F
5728,22,M
5729,24,M
5730,54,F
5731,47,M
5732,30,M
5733,40,M
5734,36,M
5735,41,M
5736,41,M
5737,39,F
5738,27,M
5739,19,F
5740,33,M
5741,52,M
5742,37,M
5743,48,M
5744,68,M
5745,24,M
5746,41,M
5747,41,M
5748,63,F
5749,65,M
5750,41,M
5751,27,M
5752,46,M
5753,22,M
5754,45,M
5755,53,F
5756,31,M
5757,39,F
5758,33,F
5759,33,F
5760,29,M
5761,44,F
5762,56,M
5763,56,F
5764,24,M
5765,50,M
5766,43,F
5767,27,M
5768,20,F
5769,28,M
5770,53,F
5771,39,F
5772,43,F
5773,27,F
5774,43,M
5775,19,M
5776,31,F
5777,39,F
5778,23,F
5779,47,F
5780,26,F
5781,40,M
5782,32,F
5783,38,M
5784,22,M
5785,18,M
5786,53,M
5787,28,M
5788,47,M
5789,81,M
5790,26,F
5791,27,F
5792,40,F
5793,60,F
5794,54,M
5795,35,M
5796,46,M
5797,23,F
5798,63,M
5799,60,F
5800,24,F
5801,29,F
5802,22,F
5803,28,F
5804,47,M
5805,31,F
5806,21,M
5807,30,F
5808,64,F
5809,39,M
5810,32,M
5811,24,F
5812,66,F
5813,47,M
5814,28,F
5815,21,M
5816,20,M
5817,23,F
5818,37,M
5819,55,M
5820,35,F
5821,48,F
5822,33,F
5823,42,F
5824,43,F
5825,24,F
5826,30,F
5827,39,M
5828,21,F
5829,31,F
5830,36,F
5831,73,M
5832,34,M
5833,47,M
5834,33,M
5835,46,F
5836,38,F
5837,51,F
5838,32,M
5839,38,M
5840,39,F
5841,32,F
5842,23,F
5843,21,M
5844,18,F
5845,50,F
5846,27,F
5847,26,M
5848,43,M
5849,29,F
5850,35,F
5851,24,F
5852,59,F
5853,49,F
5854,50,M
5855,32,F
5856,44,M
5857,23,M
5858,18,M
5859,18,M
5860,38,M
5861,33,M
5862,35,F
5863,18,F
5864,32,F
5865,42,M
5866,33,F
5867,43,M
5868,26,F
5869,47,F
5870,38,M
5871,26,M
5872,27,M
5873,39,M
5874,48,M
5875,32,F
5876,27,F
5877,50,F
5878,41,F
5879,33,M
5880,34,M
5881,25,F
5882,39,M
5883,30,M
5884,72,M
5885,34,F
5886,34,F
5887,37,M
5888,54,F
5889,46,F
5890,33,F
5891,42,F
5892,38,F
5893,35,F
5894,25,M
5895,34,M
5896,27,M
5897,54,F
5898,30,M
5899,58,F
5900,36,M
5901,39,M
5902,36,M
5903,23,F
5904,31,M
5905,22,M
5906,39,F
5907,33,F
5908,45,M
5909,26,F
5910,24,M
5911,32,M
5912,55,M
5913,42,M
5914,32,F
5915,35,M
5916,21,F
5917,65,M
5918,40,F
5919,28,F
5920,38,F
5921,22,M
5922,60,F
5923,24,M
5924,40,M
5925,27,M
5926,42,M
5927,45,F
5928,41,F
5929,39,F
5930,52,M
5931,21,F
5932,30,M
5933,27,F
5934,66,F
5935,31,M
5936,43,F
5937,41,F
5938,26,M
5939,27,M
5940,28,F
5941,32,M
5942,26,F
5943,18,F
5944,51,M
5945,60,M
5946,30,F
5947,30,M
5948,18,F
5949,41,M
5950,47,F
5951,23,F
5952,24,F
5953,46,M
5954,39,F
5955,20,F
5956,39,M
5957,29,M
5958,31,F
5959,45,M
5960,47,F
5961,32,M
5962,57,M
5963,32,M
5964,45,F
5965,34,M
5966,52,M
5967,53,M
5968,21,M
5969,56,F
5970,47,F
5971,46,F
5972,25,F
5973,46,F
5974,49,M
5975,28,F
5976,58,M
5977,20,M
5978,24,M
5979,36,M
5980,37,F
5981,40,M
5982,18,M
5983,59,F
5984,20,M
5985,23,M
5986,18,F
5987,37,F
5988,55,M
5989,40,F
5990,47,F
5991,18,F
5992,36,F
5993,34,M
5994,35,M
5995,21,F
5996,41,F
5997,35,M
5998,44,F
5999,34,M
6000,24,F
6001,40,F
6002,24,M
6003,50,M
6004,39,F
6005,24,F
6006,59,F
6007,35,F
6008,21,F
6009,39,M
6010,27,M
6011,46,M
6012,47,F
6013,63,F
6014,35,M
6015,33,M
6016,44,F
6017,23,F
6018,36,M
6019,36,F
6020,21,M
6021,32,M
6022,49,M
6023,49,M
6024,22,M
6025,21,M
6026,27,F
6027,50,F
6028,23,M
6029,43,M
6030,22,M
6031,39,F
6032,30,F
6033,46,F
6034,26,M
6035,39,M
6036,27,F
6037,42,M
6038,50,F
6039,23,M
6040,50,M
6041,38,M
6042,23,M
6043,33,F
6044,24,F
6045,42,M
6046,44,M
6047,22,M
6048,35,F
6049,47,F
6050,56,M
6051,35,M
6052,58,F
6053,36,M
6054,32,F
6055,49,M
6056,35,F
6057,34,M
6058,35,F
6059,49,M
6060,48,M
6061,32,M
6062,30,F
6063,35,M
6064,37,F
6065,27,F
6066,46,F
6067,34,M
6068,30,F
6069,22,F
6070,27,M
6071,57,F
6072,29,F
6073,24,M
6074,34,F
6075,29,F
6076,19,F
6077,29,M
6078,36,M
6079,36,F
6080,30,F
6081,33,F
6082,60,F
6083,31,M
6084,27,M
6085,27,F
6086,33,M
6087,44,F
6088,26,M
6089,42,M
6090,18,F
6091,32,F
6092,45,F
6093,30,F
6094,37,M
6095,25,M
6096,43,F
6097,20,F
6098,49,F
6099,25,M
6100,50,F
6101,30,M
6102,43,F
6103,29,F
6104,53,F
6105,23,F
6106,25,F
6107,35,M
6108,21,F
6109,25,F
6110,57,M
6111,62,F
6112,31,F
6113,54,F
6114,36,M
6115,28,F
6116,42,F
6117,40,F
6118,67,M
6119,27,M
6120,41,F
6121,20,F
6122,22,F
6123,18,M
6124,81,F
6125,46,F
6126,45,M
6127,35,F
6128,29,M
6129,24,F
6130,28,M
6131,31,M
6132,44,M
6133,36,F
6134,21,M
6135,18,F
6136,22,F
6137,32,M
6138,55,M
6139,39,F
6140,46,F
6141,34,M
6142,31,F
6143,22,F
6144,51,F
6145,45,F
6146,24,F
6147,35,F
6148,34,F
6149,39,F
6150,57,F
6151,37,M
6152,36,M
6153,20,F
6154,20,M
6155,25,F
6156,19,M
6157,44,M
6158,43,F
6159,23,M
6160,48,M
6161,24,M
6162,29,F
6163,27,M
6164,31,F
6165,27,F
6166,34,M
6167,32,F
6168,66,M
6169,20,M
6170,23,F
6171,20,M
6172,39,M
6173,20,M
6174,48,F
6175,35,F
6176,36,F
6177,37,M
6178,24,M
6179,25,M
6180,29,M
6181,38,M
6182,26,F
6183,22,M
6184,61,M
6185,19,F
6186,46,M
6187,46,F
6188,28,M
6189,23,M
6190,23,F
6191,42,F
6192,40,M
6193,45,M
6194,56,M
6195,41,M
6196,24,F
6197,27,F
6198,48,M
6199,26,M
6200,21,M
6201,42,M
6202,32,F
6203,54,F
6204,40,F
6205,21,F
6206,57,F
6207,27,F
6208,30,F
6209,32,F
6210,20,M
6211,35,F
6212,23,M
6213,32,F
6214,30,F
6215,45,F
6216,46,M
6217,24,M
6218,31,M
6219,31,F
6220,24,M
6221,46,F
6222,42,F
6223,25,F
6224,31,F
6225,22,M
6226,39,M
6227,23,M
6228,66,F
6229,45,F
6230,31,F
6231,37,F
6232,53,M
6233,37,M
6234,24,M
6235,31,M
6236,48,F
6237,40,M
6238,40,F
6239,50,F
6240,52,F
6241,54,F
6242,22,M
6243,36,M
6244,43,F
6245,44,M
6246,38,M
6247,24,F
6248,46,F
6249,43,F
6250,21,M
6251,34,F
6252,24,M
6253,30,F
6254,18,M
6255,32,M
6256,36,F
6257,39,F
6258,40,M
6259,48,F
6260,26,M
6261,23,M
6262,49,M
6263,24,F
6264,62,F
6265,48,F
6266,35,F
6267,64,F
6268,22,F
6269,29,M
6270,39,F
6271,30,F
6272,55,F
6273,20,M
6274,36,F
6275,38,M
6276,40,M
6277,27,M
6278,31,F
6279,48,F
6280,25,F
6281,48,M
6282,37,F
6283,44,F
6284,42,F
6285,26,M
6286,37,M
6287,50,M
6288,33,F
6289,60,F
6290,33,F
6291,23,F
6292,31,M
6293,58,F
6294,29,M
6295,50,M
6296,51,M
6297,30,F
6298,21,M
6299,43,F
6300,29,M
6301,45,F
6302,33,M
6303,34,F
6304,45,M
6305,31,M
6306,33,M
6307,31,F
6308,31,M
6309,36,F
6310,47,M
6311,31,F
6312,36,F
6313,41,M
6314,28,M
6315,28,M
6316,55,M
6317,43,M
6318,37,F
6319,40,F
6320,19,F
6321,39,F
6322,35,M
6323,36,M
6324,30,M
6325,21,M
6326,25,F
6327,58,M
6328,32,F
6329,34,F
6330,20,M
6331,19,F
6332,42,F
6333,36,F
6334,35,M
6335,27,M
6336,44,F
6337,24,F
6338,25,F
6339,34,F
6340,28,F
6341,27,M
6342,40,F
6343,40,F
6344,47,M
6345,32,M
6346,21,F
6347,28,M
6348,63,M
6349,38,F
6350,42,F
6351,18,M
6352,35,M
6353,19,F
6354,37,F
6355,54,M
6356,61,M
6357,36,F
6358,34,M
6359,57,M
6360,41,M
6361,20,F
6362,34,M
6363,27,M
6364,34,F
6365,33,M
6366,37,F
6367,30,M
6368,24,M
6369,35,M
6370,48,F
6371,40,F
6372,30,F
6373,56,F
6374,53,M
6375,26,M
6376,19,F
6377,43,M
6378,48,F
6379,61,M
6380,52,F
6381,38,M
6382,36,M
6383,19,F
6384,27,F
6385,34,F
6386,39,M
6387,37,F
6388,43,F
6389,28,M
6390,37,M
6391,21,M
6392,32,M
6393,44,F
6394,41,F
6395,68,F
6396,28,F
6397,35,F
6398,30,F
6399,33,M
6400,49,M
6401,41,M
6402,51,F
6403,25,M
6404,50,F
6405,20,F
6406,51,M
6407,29,F
6408,29,M
6409,35,F
6410,56,M
6411,20,F
6412,30,F
6413,49,F
6414,32,M
6415,25,M
6416,32,M
6417,31,F
6418,54,M
6419,44,M
6420,35,M
6421,67,F
6422,34,F
6423,20,M
6424,27,F
6425,33,F
6426,24,M
6427,57,M
6428,45,F
6429,28,F
6430,38,M
6431,43,M
6432,56,F
6433,51,M
6434,35,M
6435,45,M
6436,37,M
6437,37,M
6438,22,F
6439,23,M
6440,36,M
6441,28,F
6442,18,M
6443,43,F
6444,19,F
6445,38,M
6446,36,M
6447,61,F
6448,34,M
6449,20,M
6450,36,M
6451,48,F
6452,73,F
6453,33,M
6454,29,M
6455,53,M
6456,25,F
6457,39,M
6458,32,M
6459,19,F
6460,30,M
6461,27,M
6462,41,M
6463,57,F
6464,28,F
6465,47,F
6466,20,F
6467,36,M
6468,21,F
6469,56,F
6470,45,F
6471,40,F
6472,47,M
6473,40,M
6474,61,M
6475,42,M
6476,55,M
6477,35,F
6478,22,F
6479,36,M
6480,23,M
6481,38,M
6482,34,F
6483,39,M
6484,18,M
6485,25,F
6486,35,F
6487,58,M
6488,31,M
6489,32,F
6490,42,M
6491,38,F
6492,29,F
6493,32,F
6494,26,M
6495,60,F
6496,23,M
6497,31,M
6498,19,M
6499,26,F
6500,45,M
6501,25,F
6502,21,M
6503,34,F
6504,18,F
6505,21,F
6506,47,M
6507,45,F
6508,54,M
6509,49,F
6510,41,M
6511,20,F
6512,45,M
6513,49,M
6514,46,F
6515,35,M
6516,26,M
6517,49,F
6518,43,F
6519,64,M
6520,24,M
6521,26,F
6522,26,F
6523,46,M
6524,25,F
6525,20,F
6526,77,M
6527,19,F
6528,48,M
6529,31,F
6530,48,M
6531,37,M
6532,52,M
6533,55,M
6534,18,M
6535,21,F
6536,27,M
6537,41,M
6538,51,M
6539,34,F
6540,38,F
6541,25,M
6542,46,M
6543,60,M
6544,28,F
6545,35,M
6546,21,M
6547,37,F
6548,35,M
6549,23,M
6550,33,F
6551,30,M
6552,36,M
6553,38,M
6554,18,M
6555,44,M
6556,42,M
6557,31,M
6558,20,F
6559,44,F
6560,58,M
6561,27,M
6562,29,F
6563,25,F
6564,37,M
6565,24,F
6566,30,M
6567,42,M
6568,37,M
6569,31,M
6570,32,F
6571,37,M
6572,18,F
6573,21,F
6574,51,M
6575,21,M
6576,42,M
6577,54,F
6578,28,M
6579,31,M
6580,37,F
6581,51,F
6582,56,M
6583,43,M
6584,21,M
6585,41,M
6586,32,F
6587,34,M
6588,20,M
6589,25,M
6590,46,M
6591,33,M
6592,29,M
6593,31,F
6594,49,M
6595,44,F
6596,28,M
6597,22,M
6598,27,F
6599,54,M
6600,37,F
6601,36,F
6602,38,M
6603,31,M
6604,46,M
6605,36,M
6606,22,M
6607,23,M
6608,36,M
6609,56,F
6610,29,F
6611,50,M
6612,44,F
6613,27,M
6614,19,F
6615,22,F
6616,43,M
6617,25,F
6618,31,M
6619,35,F
6620,43,M
6621,22,F
6622,32,F
6623,34,M
6624,36,M
6625,47,M
6626,24,F
6627,47,F
6628,41,F
6629,37,M
6630,42,M
6631,32,M
6632,23,M
6633,40,M
6634,36,F
6635,39,M
6636,30,M
6637,53,M
6638,38,F
6639,21,M
6640,33,M
6641,44,M
6642,46,M
6643,35,F
6644,52,M
6645,28,M
6646,32,F
6647,52,M
6648,52,F
6649,41,M
6650,49,M
6651,21,M
6652,50,M
6653,29,M
6654,25,F
6655,27,F
6656,32,F
6657,27,M
6658,29,F
6659,23,M
6660,28,F
6661,37,F
6662,33,M
6663,30,F
6664,44,F
6665,52,F
6666,44,M
6667,30,M
6668,44,F
6669,24,M
6670,23,M
6671,30,F
6672,47,F
6673,27,F
6674,20,M
6675,23,M
6676,49,M
6677,39,F
6678,27,F
6679,37,M
6680,36,F
6681,40,M
6682,26,M
6683,50,M
6684,29,M
6685,42,F
6686,18,M
6687,31,M
6688,30,M
6689,36,F
6690,21,M
6691,46,M
6692,26,M
6693,41,M
6694,46,M
6695,37,F
6696,43,F
6697,40,M
6698,30,F
6699,47,F
6700,28,F
6701,37,M
6702,44,M
6703,31,M
6704,29,F
6705,34,M
6706,47,M
6707,55,F
6708,36,F
6709,40,F
6710,53,M
6711,22,M
6712,26,M
6713,42,F
6714,47,M
6715,49,M
6716,32,F
6717,21,F
6718,33,F
6719,26,F
6720,28,M
6721,45,M
6722,21,M
6723,48,M
6724,33,F
6725,38,F
6726,21,M
6727,30,F
6728,21,F
6729,59,F
6730,46,F
6731,34,F
6732,26,M
6733,55,M
6734,30,M
6735,24,M
6736,37,M
6737,57,F
6738,18,M
6739,27,F
6740,56,F
6741,24,M
6742,22,M
6743,37,F
6744,50,M
6745,34,M
6746,71,F
6747,41,M
6748,21,F
6749,69,M
6750,32,F
6751,28,M
6752,37,F
6753,29,F
6754,21,F
6755,18,M
6756,33,M
6757,48,F
6758,37,M
6759,80,F
6760,28,M
6761,28,F
6762,24,M
6763,24,F
6764,28,M
6765,46,F
6766,53,F
6767,62,F
6768,26,F
6769,51,F
6770,29,F
6771,22,F
6772,50,F
6773,39,M
6774,24,M
6775,33,F
6776,28,M
6777,43,M
6778,33,F
6779,67,F
6780,20,M
6781,30,M
6782,34,M
6783,35,M
6784,29,M
6785,43,M
6786,50,F
6787,56,M
6788,46,M
6789,49,F
6790,36,M
6791,47,M
6792,29,M
6793,32,F
6794,29,M
6795,34,F
6796,28,M
6797,59,F
6798,29,M
6799,22,F
6800,36,F
6801,20,F
6802,22,M
6803,26,M
6804,34,F
6805,33,M
6806,46,F
6807,43,M
6808,33,F
6809,30,M
6810,29,F
6811,45,F
6812,20,M
6813,18,F
6814,46,M
6815,34,F
6816,23,F
6817,27,M
6818,55,M
6819,49,M
6820,42,F
6821,34,M
6822,35,M
6823,62,F
6824,60,M
6825,26,F
6826,47,F
6827,25,M
6828,26,F
6829,41,M
6830,32,F
6831,55,F
6832,21,F
6833,35,F
6834,54,M
6835,53,M
6836,24,F
6837,31,M
6838,39,M
6839,24,F
6840,61,M
6841,54,M
6842,24,M
6843,23,F
6844,21,M
6845,53,M
6846,25,F
6847,32,M
6848,33,F
6849,38,M
6850,21,M
6851,26,M
6852,55,M
6853,53,M
6854,45,M
6855,18,F
6856,29,F
6857,39,F
6858,28,M
6859,53,M
6860,39,F
6861,21,M
6862,53,F
6863,59,F
6864,21,M
6865,36,F
6866,29,M
6867,31,M
6868,25,M
6869,37,M
6870,59,F
6871,35,M
6872,21,M
6873,39,M
6874,30,M
6875,49,M
6876,33,F
6877,25,F
6878,25,F
6879,45,M
6880,27,M
6881,45,M
6882,26,F
6883,29,F
6884,34,F
6885,57,F
6886,55,F
6887,26,M
6888,30,M
6889,24,M
6890,35,M
6891,34,F
6892,52,F
6893,55,M
6894,31,M
6895,35,F
6896,52,M
6897,46,F
6898,18,F
6899,29,F
6900,32,M
6901,26,M
6902,25,M
6903,19,F
6904,40,M
6905,27,F
6906,20,F
6907,26,M
6908,46,M
6909,49,M
6910,34,M
6911,32,F
6912,63,F
6913,25,M
6914,26,F
6915,28,M
6916,24,F
6917,31,F
6918,53,F
6919,39,M
6920,32,F
6921,56,F
6922,20,M
6923,26,F
6924,37,M
6925,39,F
6926,19,F
6927,32,M
6928,40,F
6929,42,M
6930,39,F
6931,29,M
6932,21,M
6933,33,F
6934,23,M
6935,57,M
6936,34,M
6937,29,F
6938,45,F
6939,35,F
6940,29,F
6941,47,M
6942,50,M
6943,41,M
6944,20,F
6945,37,F
6946,44,F
6947,23,F
6948,26,F
6949,51,F
6950,18,M
6951,44,F
6952,34,M
6953,33,M
6954,18,M
6955,47,F
6956,30,F
6957,36,M
6958,41,M
6959,42,F
6960,58,M
6961,36,F
6962,32,M
6963,58,F
6964,40,M
6965,29,F
6966,23,F
6967,48,F
6968,31,F
6969,40,M
6970,34,F
6971,25,M
6972,38,M
6973,20,F
6974,32,M
6975,36,F
6976,33,F
6977,44,M
6978,48,M
6979,45,M
6980,19,F
6981,25,F
6982,36,M
6983,56,F
6984,48,F
6985,48,M
6986,29,F
6987,33,M
6988,34,F
6989,24,M
6990,19,M
6991,57,M
6992,27,M
6993,27,F
6994,21,M
6995,55,M
6996,37,M
6997,40,F
6998,53,M
6999,30,F
7000,39,F
7001,19,F
7002,25,F
7003,48,M
7004,45,F
7005,30,F
7006,31,F
7007,36,F
7008,18,F
7009,27,M
7010,26,M
7011,27,F
7012,46,M
7013,28,M
7014,25,F
7015,35,M
7016,50,M
7017,27,M
7018,21,F
7019,30,M
7020,44,F
7021,36,M
7022,47,F
7023,59,M
7024,46,F
7025,38,F
7026,35,F
7027,19,M
7028,65,F
7029,31,F
7030,24,M
7031,40,M
7032,28,M
7033,38,M
7034,38,M
7035,33,M
7036,48,M
7037,27,M
7038,33,M
7039,36,M
7040,40,M
7041,45,M
7042,32,F
7043,40,F
7044,24,M
7045,55,F
7046,31,M
7047,43,M
7048,18,F
7049,25,F
7050,34,F
7051,51,F
7052,36,F
7053,55,M
7054,34,M
7055,35,F
7056,22,M
7057,46,F
7058,27,M
7059,52,M
7060,53,M
7061,57,M
7062,35,M
7063,41,M
7064,45,F
7065,23,M
7066,38,M
7067,19,M
7068,35,F
7069,24,M
7070,25,M
7071,31,M
7072,33,F
7073,39,M
7074,21,M
7075,35,F
7076,25,M
7077,37,F
7078,39,F
7079,37,F
7080,43,M
7081,30,F
7082,44,F
7083,33,M
7084,34,F
7085,40,M
7086,18,M
7087,40,M
7088,39,F
7089,29,F
7090,21,M
7091,21,F
7092,54,M
7093,41,M
7094,23,M
7095,30,F
7096,38,M
7097,48,M
7098,19,F
7099,27,F
7100,52,F
7101,18,F
7102,25,M
7103,59,F
7104,39,F
7105,27,F
7106,20,M
7107,19,F
7108,27,M
7109,51,F
7110,32,M
7111,43,M
7112,54,M
7113,32,M
7114,25,F
7115,35,M
7116,53,F
7117,46,M
7118,20,M
7119,41,F
7120,37,M
7121,53,F
7122,23,M
7123,36,M
7124,51,M
7125,32,M
7126,34,F
7127,21,M
7128,28,M
7129,29,F
7130,57,M
7131,28,M
7132,34,M
7133,41,F
7134,24,F
7135,34,M
7136,43,M
7137,50,F
7138,39,M
7139,41,F
7140,23,F
7141,57,M
7142,23,M
7143,45,F
7144,27,F
7145,56,M
7146,43,F
7147,44,F
7148,26,M
7149,33,M
7150,39,F
7151,45,M
7152,22,M
7153,59,F
7154,52,F
7155,28,M
7156,47,M
7157,35,M
7158,34,F
7159,29,F
7160,37,M
7161,43,F
7162,32,M
7163,39,F
7164,42,M
7165,42,M
7166,20,F
7167,49,M
7168,34,M
7169,27,M
7170,27,M
7171,34,M
7172,51,M
7173,31,F
7174,44,M
7175,22,F
7176,34,M
7177,68,F
7178,45,F
7179,26,F
7180,35,F
7181,26,F
7182,32,F
7183,45,M
7184,45,M
7185,26,F
7186,54,M
7187,38,M
7188,31,M
7189,35,M
7190,38,F
7191,37,M
7192,34,F
7193,35,F
7194,25,M
7195,47,M
7196,36,F
7197,23,M
7198,45,M
7199,55,M
7200,57,M
7201,31,F
7202,23,M
7203,35,M
7204,22,M
7205,56,F
7206,25,F
7207,27,F
7208,32,M
7209,31,F
7210,46,F
7211,33,F
7212,24,F
7213,28,M
7214,35,F
7215,24,M
7216,39,M
7217,37,F
7218,42,F
7219,56,M
7220,53,M
7221,57,M
7222,27,M
7223,23,F
7224,29,F
7225,52,F
7226,61,M
7227,49,M
7228,22,F
7229,57,M
7230,32,M
7231,18,F
7232,33,M
7233,20,F
7234,36,F
7235,30,M
7236,34,M
7237,39,M
7238,50,F
7239,40,F
7240,33,F
7241,47,M
7242,53,F
7243,22,F
7244,36,F
7245,28,F
7246,20,M
7247,41,M
7248,50,F
7249,24,M
7250,47,F
7251,49,F
7252,54,M
7253,27,M
7254,53,F
7255,29,M
7256,37,F
7257,20,F
7258,19,M
7259,43,F
7260,33,M
7261,27,F
7262,25,M
7263,41,F
7264,18,M
7265,46,M
7266,21,F
7267,25,M
7268,31,F
7269,34,F
7270,30,M
7271,29,F
7272,60,M
7273,40,F
7274,19,M
7275,33,F
7276,50,F
7277,29,F
7278,22,M
7279,44,F
7280,38,F
7281,37,M
7282,20,M
7283,23,F
7284,39,F
7285,26,F
7286,35,M
7287,36,F
7288,28,F
7289,57,M
7290,48,F
7291,43,M
7292,21,F
7293,22,F
7294,35,M
7295,24,F
7296,63,M
7297,24,F
7298,34,F
7299,31,F
7300,39,M
7301,23,F
7302,33,F
7303,28,F
7304,51,M
7305,19,F
7306,54,F
7307,48,M
7308,28,M
7309,46,F
7310,19,M
7311,60,M
7312,36,F
7313,29,M
7314,31,M
7315,20,F
7316,67,M
7317,19,F
7318,40,F
7319,33,F
7320,57,M
7321,27,M
7322,36,M
7323,34,M
7324,42,M
7325,20,F
7326,25,M
7327,26,F
7328,43,F
7329,25,M
7330,37,M
7331,26,M
7332,50,F
7333,57,F
7334,35,M
7335,30,F
7336,26,M
7337,20,F
7338,28,F
7339,40,F
7340,36,F
7341,57,M
7342,32,M
7343,42,M
7344,34,M
7345,35,F
7346,28,M
7347,33,M
7348,34,F
7349,42,M
7350,56,M
7351,29,F
7352,19,F
7353,35,M
7354,36,F
7355,24,F
7356,44,F
7357,65,M
7358,57,F
7359,25,M
7360,50,M
7361,42,M
7362,33,F
7363,36,F
7364,49,M
7365,34,M
7366,31,F
7367,35,M
7368,37,F
7369,25,F
7370,52,M
7371,41,F
7372,39,M
7373,22,M
7374,38,F
7375,23,F
7376,21,F
7377,36,F
7378,32,F
7379,38,F
7380,21,F
7381,33,F
7382,24,M
7383,66,F
7384,37,F
7385,41,F
7386,29,F
7387,22,F
7388,62,M
7389,28,M
7390,32,F
7391,40,F
7392,19,M
7393,47,F
7394,36,M
7395,28,F
7396,20,F
7397,24,M
7398,52,F
7399,41,M
7400,27,F
7401,20,F
7402,41,F
7403,37,M
7404,32,M
7405,31,M
7406,26,F
7407,41,M
7408,61,F
7409,24,F
7410,38,M
7411,32,F
7412,33,F
7413,27,M
7414,47,M
7415,34,F
7416,36,F
7417,29,F
7418,25,M
7419,21,M
7420,42,M
7421,25,M
7422,41,M
7423,31,F
7424,32,F
7425,34,F
7426,31,M
7427,22,F
7428,29,M
7429,40,M
7430,40,M
7431,28,M
7432,34,F
7433,25,M
7434,26,F
7435,19,F
7436,52,F
7437,26,M
7438,26,M
7439,28,M
7440,23,F
7441,39,F
7442,21,M
7443,23,F
7444,40,M
7445,30,M
7446,42,M
7447,37,F
7448,27,M
7449,40,F
7450,22,M
7451,36,F
7452,33,F
7453,28,M
7454,38,M
7455,50,M
7456,78,M
7457,38,F
7458,32,M
7459,26,F
7460,27,F
7461,34,F
7462,31,F
7463,54,F
7464,31,F
7465,31,M
7466,31,F
7467,48,F
7468,40,M
7469,39,M
7470,30,F
7471,47,M
7472,19,F
7473,50,F
7474,35,F
7475,32,F
7476,35,M
7477,40,M
7478,18,F
7479,50,M
7480,33,M
7481,30,M
7482,23,M
7483,33,F
7484,35,M
7485,32,M
7486,41,M
7487,32,M
7488,59,M
7489,38,M
7490,46,F
7491,22,M
7492,32,M
7493,30,M
7494,37,M
7495,50,M
7496,21,M
7497,21,M
7498,49,M
7499,26,F
7500,41,F
7501,36,M
7502,48,F
7503,23,M
7504,23,M
7505,37,M
7506,57,M
7507,32,M
7508,29,F
7509,38,M
7510,55,M
7511,48,F
7512,72,M
7513,19,F
7514,22,F
7515,38,M
7516,47,M
7517,28,F
7518,27,M
7519,45,F
7520,20,F
7521,31,F
7522,35,M
7523,37,F
7524,43,M
7525,30,F
7526,39,M
7527,38,M
7528,36,F
7529,40,M
7530,27,F
7531,21,F
7532,22,M
7533,26,M
7534,35,M
7535,48,M
7536,42,F
7537,46,F
7538,30,M
7539,32,M
7540,31,F
7541,25,M
7542,20,F
7543,38,F
7544,67,F
7545,24,F
7546,20,M
7547,45,M
7548,27,M
7549,48,F
7550,42,M
7551,57,F
7552,32,M
7553,40,F
7554,34,F
7555,39,F
7556,33,F
7557,25,M
7558,35,M
7559,36,F
7560,47,M
7561,43,M
7562,40,F
7563,22,F
7564,43,M
7565,35,F
7566,52,M
7567,54,F
7568,20,F
7569,47,M
7570,19,F
7571,31,F
7572,36,F
7573,24,M
7574,44,M
7575,18,F
7576,24,M
7577,37,M
7578,42,M
7579,54,F
7580,42,F
7581,41,M
7582,32,M
7583,18,F
7584,23,F
7585,36,M
7586,41,M
7587,32,F
7588,43,M
7589,36,F
7590,21,F
7591,25,M
7592,48,M
7593,43,F
7594,52,M
7595,22,M
7596,68,M
7597,26,F
7598,18,M
7599,74,M
7600,28,M
7601,41,M
7602,25,M
7603,37,F
7604,53,M
7605,29,F
7606,41,M
7607,25,F
7608,39,F
7609,30,M
7610,26,M
7611,29,F
7612,25,M
7613,52,F
7614,32,F
7615,27,M
7616,33,M
7617,29,M
7618,44,F
7619,61,M
7620,33,M
7621,50,F
7622,37,F
7623,24,F
7624,41,M
7625,35,F
7626,40,F
7627,52,M
7628,33,F
7629,52,F
7630,44,F
7631,34,F
7632,38,M
7633,29,F
7634,65,M
7635,40,M
7636,19,F
7637,29,F
7638,39,M
7639,20,M
7640,19,F
7641,33,F
7642,30,F
7643,33,F
7644,27,M
7645,24,M
7646,41,F
7647,35,M
7648,25,F
7649,29,M
7650,38,M
7651,21,F
7652,24,F
7653,21,M
7654,47,F
7655,44,F
7656,44,M
7657,42,M
7658,41,F
7659,34,F
7660,40,M
7661,19,M
7662,39,F
7663,45,F
7664,35,M
7665,30,M
7666,28,M
7667,40,M
7668,41,F
7669,50,F
7670,30,F
7671,45,M
7672,37,M
7673,51,F
7674,36,M
7675,35,F
7676,37,M
7677,44,M
7678,60,F
7679,21,M
7680,20,M
7681,56,M
7682,36,F
7683,39,M
7684,34,F
7685,22,F
7686,45,M
7687,44,F
7688,29,M
7689,29,F
7690,48,F
7691,21,F
7692,51,F
7693,27,M
7694,38,F
7695,56,M
7696,41,F
7697,32,M
7698,41,F
7699,30,F
7700,28,M
7701,73,F
7702,44,M
7703,40,M
7704,30,F
7705,20,F
7706,19,M
7707,37,F
7708,44,M
7709,36,M
7710,48,F
7711,19,M
7712,31,F
7713,27,M
7714,33,M
7715,21,F
7716,58,M
7717,26,M
7718,54,M
7719,32,F
7720,65,M
7721,37,M
7722,55,F
7723,18,M
7724,44,M
7725,53,F
7726,23,M
7727,22,M
7728,32,F
7729,56,M
7730,36,F
7731,36,F
7732,23,F
7733,18,M
7734,47,F
7735,21,F
7736,39,M
7737,54,M
7738,26,M
7739,40,F
7740,21,M
7741,38,F
7742,24,M
7743,43,M
7744,29,M
7745,34,M
7746,38,F
7747,24,M
7748,43,M
7749,29,M
7750,40,F
7751,24,F
7752,41,F
7753,23,F
7754,32,F
7755,27,M
7756,44,F
7757,27,F
7758,51,M
7759,52,M
7760,25,M
7761,39,F
7762,21,M
7763,31,F
7764,42,F
7765,40,F
7766,39,M
7767,28,M
7768,31,F
7769,22,M
7770,42,M
7771,35,M
7772,42,M
7773,27,M
7774,29,F
7775,30,F
7776,19,M
7777,30,M
7778,46,F
7779,52,M
7780,35,M
7781,33,M
7782,19,M
7783,51,M
7784,18,M
7785,57,F
7786,34,M
7787,30,M
7788,55,M
7789,19,M
7790,37,F
7791,36,M
7792,26,M
7793,33,F
7794,40,F
7795,43,M
7796,18,M
7797,56,M
7798,24,M
7799,26,F
7800,27,M
7801,19,M
7802,23,F
7803,66,F
7804,29,F
7805,22,M
7806,22,M
7807,43,F
7808,49,M
7809,27,F
7810,18,F
7811,26,F
7812,20,F
7813,22,F
7814,33,M
7815,26,F
7816,35,F
7817,27,F
7818,56,M
7819,53,M
7820,37,F
7821,30,F
7822,31,F
7823,32,M
7824,43,F
7825,33,M
7826,49,M
7827,57,F
7828,30,F
7829,37,F
7830,22,M
7831,25,M
7832,32,F
7833,26,M
7834,51,F
7835,24,M
7836,33,M
7837,38,F
7838,41,M
7839,31,M
7840,50,F
7841,37,F
7842,33,F
7843,20,M
7844,34,M
7845,47,M
7846,39,F
7847,48,F
7848,35,F
7849,22,F
7850,18,F
7851,29,F
7852,42,F
7853,46,F
7854,28,F
7855,35,M
7856,32,F
7857,32,F
7858,26,F
7859,23,F
7860,25,M
7861,20,F
7862,25,M
7863,18,M
7864,39,F
7865,29,F
7866,62,M
7867,25,F
7868,30,F
7869,30,M
7870,18,F
7871,48,F
7872,19,M
7873,56,F
7874,52,M
7875,36,M
7876,36,F
7877,40,F
7878,31,F
7879,40,M
7880,20,F
7881,20,F
7882,33,M
7883,36,M
7884,51,F
7885,22,M
7886,47,F
7887,26,F
7888,32,M
7889,29,F
7890,32,F
7891,24,F
7892,35,F
7893,46,F
7894,33,M
7895,35,M
7896,49,F
7897,42,M
7898,35,F
7899,27,F
7900,51,F
7901,37,M
7902,26,M
7903,28,M
7904,46,F
7905,19,F
7906,69,M
7907,23,M
7908,46,M
7909,32,M
7910,35,M
7911,51,F
7912,32,M
7913,36,M
7914,20,M
7915,18,M
7916,27,F
7917,41,M
7918,23,M
7919,22,M
7920,32,F
7921,40,M
7922,42,M
7923,25,M
7924,21,F
7925,56,F
7926,27,F
7927,49,M
7928,50,M
7929,45,F
7930,24,M
7931,47,M
7932,45,F
7933,38,M
7934,30,M
7935,27,F
7936,23,F
7937,35,F
7938,38,F
7939,30,M
7940,34,F
7941,31,M
7942,40,F
7943,52,M
7944,24,M
7945,31,F
7946,23,M
7947,39,M
7948,43,F
7949,55,F
7950,28,F
7951,58,F
7952,20,F
7953,38,M
7954,20,M
7955,52,M
7956,36,M
7957,41,F
7958,48,F
7959,24,M
7960,19,M
7961,51,F
7962,29,F
7963,23,F
7964,34,M
7965,38,M
7966,19,F
7967,28,M
7968,19,M
7969,32,F
7970,52,F
7971,64,M
7972,39,F
7973,24,F
7974,53,F
7975,35,M
7976,24,M
7977,54,M
7978,44,F
7979,43,F
7980,42,F
7981,25,F
7982,26,M
7983,41,F
7984,26,M
7985,33,M
7986,45,F
7987,45,M
7988,33,F
7989,46,F
7990,48,M
7991,40,F
7992,26,F
7993,28,F
7994,29,M
7995,22,M
7996,28,M
7997,26,M
7998,33,F
7999,53,M
8000,22,M
8001,43,M
8002,41,F
8003,22,F
8004,54,F
8005,37,F
8006,31,M
8007,44,F
8008,27,M
8009,41,F
8010,19,F
8011,48,F
8012,33,F
8013,39,M
8014,26,F
8015,41,M
8016,45,F
8017,34,M
8018,39,F
8019,33,M
8020,52,M
8021,35,M
8022,48,F
8023,46,F
8024,32,F
8025,26,F
8026,32,M
8027,47,F
8028,26,F
8029,36,F
8030,46,F
8031,30,F
8032,40,F
8033,27,F
8034,22,F
8035,46,F
8036,22,M
8037,28,M
8038,49,M
8039,30,M
8040,62,F
8041,63,F
8042,28,F
8043,19,M
8044,42,F
8045,33,F
8046,22,M
8047,42,F
8048,19,M
8049,50,F
8050,23,M
8051,23,M
8052,24,M
8053,59,F
8054,41,F
8055,46,F
8056,32,F
8057,30,F
8058,26,F
8059,34,F
8060,36,M
8061,39,M
8062,27,M
8063,57,M
8064,24,F
8065,60,F
8066,18,F
8067,34,F
8068,30,M
8069,33,M
8070,37,F
8071,33,F
8072,32,F
8073,43,M
8074,41,F
8075,48,M
8076,27,M
8077,38,F
8078,38,F
8079,31,F
8080,34,F
8081,29,M
8082,23,M
8083,26,M
8084,22,F
8085,41,F
8086,40,M
8087,58,M
8088,43,F
8089,20,M
8090,51,F
8091,50,F
8092,33,F
8093,38,F
8094,62,F
8095,36,F
8096,53,M
8097,21,F
8098,25,M
8099,33,F
8100,38,M
8101,47,M
8102,67,F
8103,31,F
8104,20,M
8105,46,M
8106,38,M
8107,25,M
8108,35,F
8109,43,F
8110,45,M
8111,35,M
8112,29,F
8113,62,F
8114,40,M
8115,32,F
8116,28,M
8117,43,F
8118,27,M
8119,24,M
8120,36,F
8121,28,M
8122,39,M
8123,22,M
8124,40,M
8125,28,F
8126,18,M
8127,23,F
8128,56,F
8129,50,F
8130,26,M
8131,45,M
8132,38,M
8133,61,M
8134,31,M
8135,41,M
8136,20,M
8137,32,F
8138,60,M
8139,36,M
8140,28,F
8141,23,F
8142,42,M
8143,40,F
8144,31,M
8145,58,M
8146,19,F
8147,29,M
8148,54,F
8149,29,M
8150,27,M
8151,36,M
8152,47,F
8153,22,M
8154,57,M
8155,46,M
8156,25,F
8157,42,F
8158,31,F
8159,32,F
8160,45,F
8161,60,F
8162,23,M
8163,32,F
8164,34,M
8165,31,M
8166,31,F
8167,20,F
8168,41,M
8169,33,M
8170,25,F
8171,47,F
8172,46,M
8173,34,M
8174,29,F
8175,39,M
8176,28,M
8177,27,M
8178,43,M
8179,19,F
8180,22,F
8181,18,M
8182,24,F
8183,21,F
8184,72,M
8185,28,M
8186,24,F
8187,27,F
8188,56,M
8189,35,M
8190,31,M
8191,50,F
8192,32,F
8193,30,F
8194,26,M
8195,31,M
8196,29,F
8197,41,F
8198,28,F
8199,37,M
8200,20,M
8201,25,M
8202,32,F
8203,56,M
8204,31,F
8205,40,F
8206,27,F
8207,23,M
8208,20,F
8209,29,F
8210,24,F
8211,24,F
8212,44,M
8213,18,M
8214,37,F
8215,31,F
8216,35,F
8217,37,M
8218,29,M
8219,28,M
8220,43,F
8221,50,M
8222,25,M
8223,22,F
8224,52,M
8225,30,F
8226,36,F
8227,30,M
8228,23,F
8229,38,F
8230,36,M
8231,25,M
8232,33,M
8233,46,F
8234,38,M
8235,22,M
8236,36,F
8237,42,M
8238,46,F
8239,39,M
8240,24,M
8241,42,M
8242,41,M
8243,19,M
8244,32,M
8245,30,M
8246,41,M
8247,26,F
8248,38,M
8249,53,M
8250,46,F
8251,54,F
8252,63,M
8253,18,M
8254,39,F
8255,32,M
8256,49,F
8257,27,M
8258,64,M
8259,39,F
8260,46,F
8261,21,F
8262,25,F
8263,44,F
8264,19,F
8265,47,M
8266,18,M
8267,40,M
8268,31,M
8269,38,M
8270,42,M
8271,30,F
8272,22,M
8273,21,F
8274,38,M
8275,35,F
8276,43,M
8277,35,F
8278,32,F
8279,32,M
8280,19,M
8281,30,M
8282,62,F
8283,50,M
8284,29,M
8285,38,M
8286,49,M
8287,33,F
8288,18,F
8289,21,M
8290,35,M
8291,61,F
8292,41,M
8293,21,M
8294,25,M
8295,45,M
8296,48,M
8297,39,F
8298,40,F
8299,19,F
8300,48,M
8301,46,M
8302,27,F
8303,42,M
8304,26,F
8305,19,M
8306,25,M
8307,25,F
8308,30,F
8309,32,F
8310,35,M
8311,34,M
8312,28,M
8313,19,M
8314,38,M
8315,32,F
8316,29,M
8317,50,F
8318,44,M
8319,49,F
8320,35,M
8321,23,F
8322,42,M
8323,26,M
8324,33,F
8325,20,M
8326,47,F
8327,23,F
8328,53,M
8329,50,F
8330,34,M
8331,44,F
8332,39,F
8333,46,M
8334,33,M
8335,45,F
8336,34,F
8337,56,M
8338,34,M
8339,34,F
8340,45,M
8341,47,M
8342,37,F
8343,25,M
8344,34,F
8345,61,M
8346,44,F
8347,47,F
8348,19,F
8349,34,F
8350,40,M
8351,48,F
8352,20,F
8353,49,F
8354,36,F
8355,25,M
8356,29,F
8357,28,F
8358,36,F
8359,20,F
8360,24,M
8361,47,M
8362,23,F
8363,26,M
8364,33,F
8365,35,F
8366,44,M
8367,33,M
8368,46,F
8369,39,M
8370,22,M
8371,24,F
8372,33,M
8373,32,M
8374,44,M
8375,37,M
8376,31,F
8377,24,M
8378,26,F
8379,37,M
8380,32,F
8381,35,M
8382,24,F
8383,40,M
8384,49,F
8385,27,F
8386,35,F
8387,62,M
8388,30,F
8389,38,F
8390,21,M
8391,38,F
8392,21,M
8393,59,M
8394,42,F
8395,46,M
8396,42,M
8397,38,M
8398,33,F
8399,49,F
8400,59,M
8401,35,F
8402,55,F
8403,38,F
8404,36,M
8405,33,M
8406,26,F
8407,18,F
8408,27,M
8409,35,M
8410,31,M
8411,33,F
8412,64,F
8413,30,F
8414,33,F
8415,23,F
8416,20,F
8417,45,M
8418,37,F
8419,44,M
8420,24,F
8421,37,M
8422,27,F
8423,26,M
8424,18,M
8425,23,M
8426,29,M
8427,22,F
8428,66,M
8429,29,F
8430,23,F
8431,25,M
8432,38,F
8433,20,F
8434,50,M
8435,59,F
8436,27,F
8437,33,F
8438,19,M
8439,40,F
8440,32,M
8441,28,M
8442,26,M
8443,40,M
8444,32,F
8445,25,F
8446,41,M
8447,37,F
8448,49,F
8449,22,M
8450,45,F
8451,41,F
8452,22,F
8453,42,M
8454,33,M
8455,57,M
8456,23,M
8457,40,F
8458,31,M
8459,59,M
8460,30,F
8461,59,M
8462,52,M
8463,28,F
8464,46,M
8465,72,F
8466,27,M
8467,33,M
8468,35,F
8469,28,M
8470,18,M
8471,26,M
8472,28,M
8473,33,F
8474,24,F
8475,50,F
8476,42,F
8477,21,F
8478,40,F
8479,40,F
8480,58,F
8481,18,F
8482,27,F
8483,55,M
8484,55,M
8485,43,M
8486,44,F
8487,21,M
8488,35,F
8489,26,M
8490,25,F
8491,47,F
8492,23,F
8493,34,F
8494,56,F
8495,25,F
8496,63,F
8497,70,F
8498,37,F
8499,24,M
8500,29,M
8501,32,M
8502,29,M
8503,28,F
8504,61,M
8505,24,F
8506,43,M
8507,18,F
8508,38,F
8509,54,F
8510,28,M
8511,25,M
8512,40,M
8513,42,M
8514,41,M
8515,29,M
8516,27,F
8517,58,M
8518,54,M
8519,33,M
8520,49,M
8521,33,M
8522,32,F
8523,24,M
8524,33,M
8525,36,F
8526,19,M
8527,33,M
8528,45,F
8529,41,M
8530,39,F
8531,53,F
8532,18,F
8533,37,M
8534,45,M
8535,36,M
8536,29,M
8537,23,F
8538,51,F
8539,34,M
8540,51,M
8541,38,F
8542,41,M
8543,46,M
8544,40,F
8545,32,F
8546,35,F
8547,46,M
8548,31,F
8549,31,F
8550,22,M
8551,54,F
8552,21,F
8553,40,M
8554,32,M
8555,32,F
8556,41,F
8557,20,F
8558,38,M
8559,45,F
8560,48,F
8561,24,F
8562,52,F
8563,40,M
8564,51,M
8565,34,M
8566,36,M
8567,54,M
8568,52,M
8569,33,F
8570,28,F
8571,31,F
8572,31,M
8573,28,F
8574,28,F
8575,50,F
8576,21,M
8577,41,F
8578,24,M
8579,30,F
8580,20,M
8581,28,M
8582,45,M
8583,51,M
8584,26,M
8585,34,M
8586,34,M
8587,50,F
8588,44,F
8589,35,M
8590,41,M
8591,49,F
8592,18,F
8593,32,F
8594,53,M
8595,43,M
8596,36,F
8597,36,F
8598,30,F
8599,35,M
8600,40,M
8601,32,F
8602,42,M
8603,50,M
8604,24,F
8605,33,M
8606,32,F
8607,41,M
8608,27,M
8609,40,M
8610,51,M
8611,32,F
8612,53,F
8613,70,M
8614,22,F
8615,26,F
8616,58,M
8617,59,M
8618,22,M
8619,18,F
8620,24,M
8621,72,F
8622,25,M
8623,35,M
8624,49,M
8625,18,F
8626,38,M
8627,28,F
8628,50,M
8629,28,F
8630,41,F
8631,41,M
8632,26,F
8633,19,M
8634,32,F
8635,28,F
8636,47,M
8637,46,F
8638,33,F
8639,38,F
8640,38,F
8641,48,M
8642,32,F
8643,28,M
8644,27,M
8645,36,M
8646,33,M
8647,33,M
8648,21,F
8649,42,F
8650,26,F
8651,25,F
8652,32,F
8653,26,M
8654,38,M
8655,31,F
8656,33,F
8657,36,M
8658,25,F
8659,24,M
8660,51,F
8661,33,F
8662,32,M
8663,19,M
8664,35,M
8665,37,M
8666,37,M
8667,42,F
8668,25,M
8669,27,F
8670,47,F
8671,57,F
8672,23,M
8673,35,F
8674,26,F
8675,20,M
8676,29,M
8677,23,F
8678,42,F
8679,36,M
8680,23,M
8681,18,F
8682,47,M
8683,25,M
8684,38,M
8685,30,M
8686,38,F
8687,29,M
8688,21,M
8689,26,F
8690,25,F
8691,33,F
8692,40,M
8693,27,F
8694,18,F
8695,35,M
8696,38,F
8697,60,F
8698,38,M
8699,34,F
8700,37,F
8701,55,F
8702,48,M
8703,29,M
8704,27,M
8705,27,M
8706,35,F
8707,44,F
8708,35,F
8709,20,F
8710,43,F
8711,46,F
8712,28,M
8713,40,F
8714,33,F
8715,51,M
8716,49,M
8717,36,M
8718,41,M
8719,51,F
8720,35,F
8721,29,M
8722,44,M
8723,26,F
8724,31,F
8725,50,F
8726,43,M
8727,32,F
8728,26,F
8729,30,M
8730,28,M
8731,25,F
8732,44,M
8733,27,F
8734,33,M
8735,31,M
8736,64,M
8737,31,F
8738,21,F
8739,21,M
8740,38,M
8741,38,M
8742,32,M
8743,33,M
8744,20,F
8745,35,M
8746,35,M
8747,24,M
8748,22,F
8749,23,M
8750,22,F
8751,38,M
8752,25,F
8753,27,F
8754,24,M
8755,59,F
8756,49,M
8757,26,M
8758,29,F
8759,26,M
8760,35,F
8761,18,F
8762,41,F
8763,36,M
8764,52,M
8765,24,M
8766,46,F
8767,46,M
8768,23,F
8769,32,F
8770,24,F
8771,27,F
8772,27,M
8773,37,M
8774,32,M
8775,57,M
8776,23,M
8777,62,M
8778,26,F
8779,45,F
8780,30,F
8781,23,F
8782,49,F
8783,29,M
8784,40,M
8785,37,M
8786,34,F
8787,35,F
8788,43,M
8789,21,M
8790,41,F
8791,52,M
8792,20,M
8793,23,F
8794,42,M
8795,33,F
8796,32,M
8797,23,M
8798,35,F
8799,23,M
8800,34,M
